[{"model": "auth.user", "pk": 10, "fields": {"password": "pbkdf2_sha256$1200000$y9Py7HjBDycHP7bRtWoBwB$TsHCgwtlOxPH67UmCq3hCgnnFYq5sjDhh1bkeBffzBY=", "last_login": null, "is_superuser": true, "username": "admin", "first_name": "", "last_name": "", "email": "admin@example.com", "is_staff": true, "is_active": true, "date_joined": "2026-03-30T11:40:06.903Z", "groups": [], "user_permissions": []}}, {"model": "auth.user", "pk": 15, "fields": {"password": "pbkdf2_sha256$1200000$ZbeTkpZpjoBjpb8aJNdcBw$f6P1uZKMftQc2cGLESTK5Xh1Fhua6gUGt1H2WhsYyKc=", "last_login": null, "is_superuser": false, "username": "lala", "first_name": "", "last_name": "", "email": "", "is_staff": false, "is_active": true, "date_joined": "2026-03-30T12:08:18.700Z", "groups": [], "user_permissions": []}}, {"model": "auth.user", "pk": 16, "fields": {"password": "pbkdf2_sha256$1200000$R15ErEAEW0Gm98rjIp6oFw$mf2RGVfM9LfayAb/tVxXTfxGgB0z/mc4xAkCsruhkYk=", "last_login": null, "is_superuser": false, "username": "test_user", "first_name": "жөӢиҜ•з”ЁжҲ·", "last_name": "", "email": "", "is_staff": false, "is_active": true, "date_joined": "2026-03-30T12:08:41.402Z", "groups": [], "user_permissions": []}}, {"model": "auth.user", "pk": 17, "fields": {"password": "pbkdf2_sha256$1200000$FLwaQPLkIQ6dNCTxvlTFGx$wutKAdpfAZMaX7QbDqUoFTbJ8OB/EijRaXaMPmODSRY=", "last_login": null, "is_superuser": false, "username": "wendy", "first_name": "", "last_name": "", "email": "", "is_staff": false, "is_active": true, "date_joined": "2026-03-30T12:13:54.375Z", "groups": [], "user_permissions": []}}, {"model": "token_blacklist.outstandingtoken", "pk": 1, "fields": {"user": null, "jti": "b3e0d93f4c024aaabd72ab088ac45b63", "token": "eyJhbGciOiJIUzI1NiIsInR5cCI6IkpXVCJ9.eyJ0b2tlbl90eXBlIjoicmVmcmVzaCIsImV4cCI6MTc3NDYwMjQ2OCwiaWF0IjoxNzc0NTE2MDY4LCJqdGkiOiJiM2UwZDkzZjRjMDI0YWFhYmQ3MmFiMDg4YWM0NWI2MyIsInVzZXJfaWQiOiIxIn0.70kQOsKF6b5PYgYaupOdx-XxRhBQs6CBcex1rvpM0rw", "created_at": "2026-03-26T09:07:48.241Z", "expires_at": "2026-03-27T09:07:48Z"}}, {"model": "token_blacklist.outstandingtoken", "pk": 2, "fields": {"user": null, "jti": "959131223a5440d78cd99af4f85af05e", "token": "eyJhbGciOiJIUzI1NiIsInR5cCI6IkpXVCJ9.eyJ0b2tlbl90eXBlIjoicmVmcmVzaCIsImV4cCI6MTc3NDYwNDQzNSwiaWF0IjoxNzc0NTE4MDM1LCJqdGkiOiI5NTkxMzEyMjNhNTQ0MGQ3OGNkOTlhZjRmODVhZjA1ZSIsInVzZXJfaWQiOiIyIn0.5OXvJO2s9JrzK5D4XWVazuQJ7TLxGMdHTg_q-ClCua4", "created_at": "2026-03-26T09:40:35.970Z", "expires_at": "2026-03-27T09:40:35Z"}}, {"model": "token_blacklist.outstandingtoken", "pk": 3, "fields": {"user": null, "jti": "2159f78cc39340819026ae46d9e80184", "token": "eyJhbGciOiJIUzI1NiIsInR5cCI6IkpXVCJ9.eyJ0b2tlbl90eXBlIjoicmVmcmVzaCIsImV4cCI6MTc3NDYwNDQ1MSwiaWF0IjoxNzc0NTE4MDUxLCJqdGkiOiIyMTU5Zjc4Y2MzOTM0MDgxOTAyNmFlNDZkOWU4MDE4NCIsInVzZXJfaWQiOiIyIn0.XSveZt2XlswN8ksI20JFdmTGqxEXichO8xfQVEYOvg0", "created_at": "2026-03-26T09:40:51.669Z", "expires_at": "2026-03-27T09:40:51Z"}}, {"model": "token_blacklist.outstandingtoken", "pk": 4, "fields": {"user": null, "jti": "0eb6c3ff33914d8489fe6676074107f1", "token": "eyJhbGciOiJIUzI1NiIsInR5cCI6IkpXVCJ9.eyJ0b2tlbl90eXBlIjoicmVmcmVzaCIsImV4cCI6MTc3NDYwNTM1MCwiaWF0IjoxNzc0NTE4OTUwLCJqdGkiOiIwZWI2YzNmZjMzOTE0ZDg0ODlmZTY2NzYwNzQxMDdmMSIsInVzZXJfaWQiOiIyIn0.lOfl81cwVvwv8M8tZx-ggEjwNXNRQqx4dEJ3LoNWb8Y", "created_at": "2026-03-26T09:55:50.921Z", "expires_at": "2026-03-27T09:55:50Z"}}, {"model": "token_blacklist.outstandingtoken", "pk": 5, "fields": {"user": null, "jti": "17db660ea231480387e6616600f4eec1", "token": "eyJhbGciOiJIUzI1NiIsInR5cCI6IkpXVCJ9.eyJ0b2tlbl90eXBlIjoicmVmcmVzaCIsImV4cCI6MTc3NDYwNjM3MSwiaWF0IjoxNzc0NTE5OTcxLCJqdGkiOiIxN2RiNjYwZWEyMzE0ODAzODdlNjYxNjYwMGY0ZWVjMSIsInVzZXJfaWQiOiIyIn0.a5LbfNnDeDy_tQmTds5IdIf_vuHdSJjGzbnHEwGe8l4", "created_at": "2026-03-26T10:12:51.548Z", "expires_at": "2026-03-27T10:12:51Z"}}, {"model": "token_blacklist.outstandingtoken", "pk": 6, "fields": {"user": null, "jti": "bf852d27b2784a13b96d83dbb40823b2", "token": "eyJhbGciOiJIUzI1NiIsInR5cCI6IkpXVCJ9.eyJ0b2tlbl90eXBlIjoicmVmcmVzaCIsImV4cCI6MTc3NDYwNzU5NSwiaWF0IjoxNzc0NTIxMTk1LCJqdGkiOiJiZjg1MmQyN2IyNzg0YTEzYjk2ZDgzZGJiNDA4MjNiMiIsInVzZXJfaWQiOiIxIn0.orORv00FNMzqBLu_Ar2vtKox3-ptyoiz1H0jguVvu9g", "created_at": "2026-03-26T10:33:15.263Z", "expires_at": "2026-03-27T10:33:15Z"}}, {"model": "token_blacklist.outstandingtoken", "pk": 7, "fields": {"user": null, "jti": "3877a18f74d94ce19a4577fc5094532c", "token": "eyJhbGciOiJIUzI1NiIsInR5cCI6IkpXVCJ9.eyJ0b2tlbl90eXBlIjoicmVmcmVzaCIsImV4cCI6MTc3NDYwNzYzOSwiaWF0IjoxNzc0NTIxMjM5LCJqdGkiOiIzODc3YTE4Zjc0ZDk0Y2UxOWE0NTc3ZmM1MDk0NTMyYyIsInVzZXJfaWQiOiIxIn0.z8-ITTxMGZMpOVCn4k2rqCKp42rt_Jv1ek52sx3qbq8", "created_at": "2026-03-26T10:33:59.798Z", "expires_at": "2026-03-27T10:33:59Z"}}, {"model": "token_blacklist.outstandingtoken", "pk": 8, "fields": {"user": null, "jti": "4ffece684a3141939e3e73f0326747fa", "token": "eyJhbGciOiJIUzI1NiIsInR5cCI6IkpXVCJ9.eyJ0b2tlbl90eXBlIjoicmVmcmVzaCIsImV4cCI6MTc3NDYwODYzNSwiaWF0IjoxNzc0NTIyMjM1LCJqdGkiOiI0ZmZlY2U2ODRhMzE0MTkzOWUzZTczZjAzMjY3NDdmYSIsInVzZXJfaWQiOiIyIn0.zfcJebAlhjph6kxiGMUHK0WvAcHgTUEGfPbwcnzvzCo", "created_at": "2026-03-26T10:50:35.362Z", "expires_at": "2026-03-27T10:50:35Z"}}, {"model": "token_blacklist.outstandingtoken", "pk": 9, "fields": {"user": null, "jti": "64c4eac385d04084932da43a182beaca", "token": "eyJhbGciOiJIUzI1NiIsInR5cCI6IkpXVCJ9.eyJ0b2tlbl90eXBlIjoicmVmcmVzaCIsImV4cCI6MTc3NDYwODk2NywiaWF0IjoxNzc0NTIyNTY3LCJqdGkiOiI2NGM0ZWFjMzg1ZDA0MDg0OTMyZGE0M2ExODJiZWFjYSIsInVzZXJfaWQiOiIyIn0.jy-LESoe7tTxCzcYTnfan6WsXt__eoN2Kx3pQ9yVNV4", "created_at": "2026-03-26T10:56:07.599Z", "expires_at": "2026-03-27T10:56:07Z"}}, {"model": "token_blacklist.outstandingtoken", "pk": 10, "fields": {"user": null, "jti": "1e77bc5ec37841ef978ac62a41d9aac0", "token": "eyJhbGciOiJIUzI1NiIsInR5cCI6IkpXVCJ9.eyJ0b2tlbl90eXBlIjoicmVmcmVzaCIsImV4cCI6MTc3NDYxMDMwMywiaWF0IjoxNzc0NTIzOTAzLCJqdGkiOiIxZTc3YmM1ZWMzNzg0MWVmOTc4YWM2MmE0MWQ5YWFjMCIsInVzZXJfaWQiOiIxIn0.bIgLMaq_xhj1uCOtMtx3KbxSm9S2_wRCF32nhkFQ1S8", "created_at": "2026-03-26T11:18:23.453Z", "expires_at": "2026-03-27T11:18:23Z"}}, {"model": "token_blacklist.outstandingtoken", "pk": 11, "fields": {"user": null, "jti": "1677503b5f844cceab818e2fb3548081", "token": "eyJhbGciOiJIUzI1NiIsInR5cCI6IkpXVCJ9.eyJ0b2tlbl90eXBlIjoicmVmcmVzaCIsImV4cCI6MTc3NDYxMDMzOSwiaWF0IjoxNzc0NTIzOTM5LCJqdGkiOiIxNjc3NTAzYjVmODQ0Y2NlYWI4MThlMmZiMzU0ODA4MSIsInVzZXJfaWQiOiIyIn0.KGuutt29IPldpcxMic4Aq2RmDwILiv0NJ6_XbokKZVs", "created_at": "2026-03-26T11:18:59.803Z", "expires_at": "2026-03-27T11:18:59Z"}}, {"model": "token_blacklist.outstandingtoken", "pk": 12, "fields": {"user": null, "jti": "f49045e2824341669faa8f9a5b1e68fb", "token": "eyJhbGciOiJIUzI1NiIsInR5cCI6IkpXVCJ9.eyJ0b2tlbl90eXBlIjoicmVmcmVzaCIsImV4cCI6MTc3NDYxMDY2NywiaWF0IjoxNzc0NTI0MjY3LCJqdGkiOiJmNDkwNDVlMjgyNDM0MTY2OWZhYThmOWE1YjFlNjhmYiIsInVzZXJfaWQiOiIyIn0.ZsC6A0mm-kTxEa0nRXGLIfgX7O0Q488IG44oE1qFgpg", "created_at": "2026-03-26T11:24:27.816Z", "expires_at": "2026-03-27T11:24:27Z"}}, {"model": "token_blacklist.outstandingtoken", "pk": 13, "fields": {"user": null, "jti": "365ea74d0c964fca9a23e64aedaba1bd", "token": "eyJhbGciOiJIUzI1NiIsInR5cCI6IkpXVCJ9.eyJ0b2tlbl90eXBlIjoicmVmcmVzaCIsImV4cCI6MTc3NDYxMTYxMiwiaWF0IjoxNzc0NTI1MjEyLCJqdGkiOiIzNjVlYTc0ZDBjOTY0ZmNhOWEyM2U2NGFlZGFiYTFiZCIsInVzZXJfaWQiOiIyIn0.ZU_Wqbrscyr4vWvsxT_uJLXJaswpP0zrj7okPh9pU1Y", "created_at": "2026-03-26T11:40:12.920Z", "expires_at": "2026-03-27T11:40:12Z"}}, {"model": "token_blacklist.outstandingtoken", "pk": 14, "fields": {"user": null, "jti": "0a233ca4e66b4a609eddf9b2e959e6f1", "token": "eyJhbGciOiJIUzI1NiIsInR5cCI6IkpXVCJ9.eyJ0b2tlbl90eXBlIjoicmVmcmVzaCIsImV4cCI6MTc3NDYxMTgxMywiaWF0IjoxNzc0NTI1NDEzLCJqdGkiOiIwYTIzM2NhNGU2NmI0YTYwOWVkZGY5YjJlOTU5ZTZmMSIsInVzZXJfaWQiOiIyIn0.h5lpFFKusUaE1bMPDwDnziVRc-ixgg8HUtaMLufJtOk", "created_at": "2026-03-26T11:43:33.208Z", "expires_at": "2026-03-27T11:43:33Z"}}, {"model": "token_blacklist.outstandingtoken", "pk": 15, "fields": {"user": null, "jti": "eac3c54d7c4941b59c26ddc2a9bbfd42", "token": "eyJhbGciOiJIUzI1NiIsInR5cCI6IkpXVCJ9.eyJ0b2tlbl90eXBlIjoicmVmcmVzaCIsImV4cCI6MTc3NDYxMjE5NCwiaWF0IjoxNzc0NTI1Nzk0LCJqdGkiOiJlYWMzYzU0ZDdjNDk0MWI1OWMyNmRkYzJhOWJiZmQ0MiIsInVzZXJfaWQiOiIyIn0.G2ju2XH0g5n2ZJmDwjEklqb5P48j2UyXocOkpmL0VWY", "created_at": "2026-03-26T11:49:54.241Z", "expires_at": "2026-03-27T11:49:54Z"}}, {"model": "token_blacklist.outstandingtoken", "pk": 16, "fields": {"user": null, "jti": "87957d46259244a09a9c34f5793aabc1", "token": "eyJhbGciOiJIUzI1NiIsInR5cCI6IkpXVCJ9.eyJ0b2tlbl90eXBlIjoicmVmcmVzaCIsImV4cCI6MTc3NDYxMjQ1MywiaWF0IjoxNzc0NTI2MDUzLCJqdGkiOiI4Nzk1N2Q0NjI1OTI0NGEwOWE5YzM0ZjU3OTNhYWJjMSIsInVzZXJfaWQiOiIyIn0.eu1_HzIyxt50Z4mu7B_mcOOl3NpRtCpZpF_zd-SFU1M", "created_at": "2026-03-26T11:54:13.307Z", "expires_at": "2026-03-27T11:54:13Z"}}, {"model": "token_blacklist.outstandingtoken", "pk": 17, "fields": {"user": null, "jti": "2cdafb3609374806a60600f5b39c3e6c", "token": "eyJhbGciOiJIUzI1NiIsInR5cCI6IkpXVCJ9.eyJ0b2tlbl90eXBlIjoicmVmcmVzaCIsImV4cCI6MTc3NDYxMjU3NiwiaWF0IjoxNzc0NTI2MTc2LCJqdGkiOiIyY2RhZmIzNjA5Mzc0ODA2YTYwNjAwZjViMzljM2U2YyIsInVzZXJfaWQiOiIyIn0.neD7TYq8Mb5nwIXCMA7Nm4dQIFAeoGE3xvZtWbLDFhY", "created_at": "2026-03-26T11:56:16.453Z", "expires_at": "2026-03-27T11:56:16Z"}}, {"model": "token_blacklist.outstandingtoken", "pk": 18, "fields": {"user": null, "jti": "614f0bf098f547e8809bba1c9991e761", "token": "eyJhbGciOiJIUzI1NiIsInR5cCI6IkpXVCJ9.eyJ0b2tlbl90eXBlIjoicmVmcmVzaCIsImV4cCI6MTc3NDYxMjk1NywiaWF0IjoxNzc0NTI2NTU3LCJqdGkiOiI2MTRmMGJmMDk4ZjU0N2U4ODA5YmJhMWM5OTkxZTc2MSIsInVzZXJfaWQiOiIyIn0.CsU8FZux9pyskZAwnfpdhAiFmleTUpTykLW07KnzuI4", "created_at": "2026-03-26T12:02:37.005Z", "expires_at": "2026-03-27T12:02:37Z"}}, {"model": "token_blacklist.outstandingtoken", "pk": 19, "fields": {"user": null, "jti": "623d60ed767e4006961540a7cd11c854", "token": "eyJhbGciOiJIUzI1NiIsInR5cCI6IkpXVCJ9.eyJ0b2tlbl90eXBlIjoicmVmcmVzaCIsImV4cCI6MTc3NDYxMzIyMywiaWF0IjoxNzc0NTI2ODIzLCJqdGkiOiI2MjNkNjBlZDc2N2U0MDA2OTYxNTQwYTdjZDExYzg1NCIsInVzZXJfaWQiOiIyIn0.UaxQikLmhO3yPxn77U5rmhx0RNsXtZInAiGqyuZfIy4", "created_at": "2026-03-26T12:07:03.702Z", "expires_at": "2026-03-27T12:07:03Z"}}, {"model": "token_blacklist.outstandingtoken", "pk": 20, "fields": {"user": null, "jti": "fe4b875c8de54bc882bcaa1f9f36c094", "token": "eyJhbGciOiJIUzI1NiIsInR5cCI6IkpXVCJ9.eyJ0b2tlbl90eXBlIjoicmVmcmVzaCIsImV4cCI6MTc3NDYxMzI5MSwiaWF0IjoxNzc0NTI2ODkxLCJqdGkiOiJmZTRiODc1YzhkZTU0YmM4ODJiY2FhMWY5ZjM2YzA5NCIsInVzZXJfaWQiOiIyIn0.zVw11JqzlroFqRNZzlh9WM15vuilwtFHjCzbbBX1l_U", "created_at": "2026-03-26T12:08:11.053Z", "expires_at": "2026-03-27T12:08:11Z"}}, {"model": "token_blacklist.outstandingtoken", "pk": 21, "fields": {"user": null, "jti": "21cdf67bdf0f40b290c7a05e6a58a7dc", "token": "eyJhbGciOiJIUzI1NiIsInR5cCI6IkpXVCJ9.eyJ0b2tlbl90eXBlIjoicmVmcmVzaCIsImV4cCI6MTc3NDYxMzM5NSwiaWF0IjoxNzc0NTI2OTk1LCJqdGkiOiIyMWNkZjY3YmRmMGY0MGIyOTBjN2EwNWU2YTU4YTdkYyIsInVzZXJfaWQiOiIyIn0.ikY2l6ftu1uyIJNp7IuOCGHqJUXsH98-WcJbYPh8oKY", "created_at": "2026-03-26T12:09:55.648Z", "expires_at": "2026-03-27T12:09:55Z"}}, {"model": "token_blacklist.outstandingtoken", "pk": 22, "fields": {"user": null, "jti": "ecb372a20ba94a4bac071670e570bd99", "token": "eyJhbGciOiJIUzI1NiIsInR5cCI6IkpXVCJ9.eyJ0b2tlbl90eXBlIjoicmVmcmVzaCIsImV4cCI6MTc3NDYxMzYxMCwiaWF0IjoxNzc0NTI3MjEwLCJqdGkiOiJlY2IzNzJhMjBiYTk0YTRiYWMwNzE2NzBlNTcwYmQ5OSIsInVzZXJfaWQiOiIyIn0.cFJtwMiEXo7hncJng7q6KABiy7gLIoVvRz4dhDHUhYE", "created_at": "2026-03-26T12:13:30.365Z", "expires_at": "2026-03-27T12:13:30Z"}}, {"model": "token_blacklist.outstandingtoken", "pk": 23, "fields": {"user": null, "jti": "9f0518eb7faa4afdba647f3cf29d77b7", "token": "eyJhbGciOiJIUzI1NiIsInR5cCI6IkpXVCJ9.eyJ0b2tlbl90eXBlIjoicmVmcmVzaCIsImV4cCI6MTc3NDYxNjg3NCwiaWF0IjoxNzc0NTMwNDc0LCJqdGkiOiI5ZjA1MThlYjdmYWE0YWZkYmE2NDdmM2NmMjlkNzdiNyIsInVzZXJfaWQiOiIyIn0.y9MCd-MfXB2G49DJT3wNR6MjPZRl6xxIlZ81s6iIpPM", "created_at": "2026-03-26T13:07:54.145Z", "expires_at": "2026-03-27T13:07:54Z"}}, {"model": "token_blacklist.outstandingtoken", "pk": 24, "fields": {"user": null, "jti": "b9f07679cb2440298b378aa0dff708ac", "token": "eyJhbGciOiJIUzI1NiIsInR5cCI6IkpXVCJ9.eyJ0b2tlbl90eXBlIjoicmVmcmVzaCIsImV4cCI6MTc3NDYxNzM1OCwiaWF0IjoxNzc0NTMwOTU4LCJqdGkiOiJiOWYwNzY3OWNiMjQ0MDI5OGIzNzhhYTBkZmY3MDhhYyIsInVzZXJfaWQiOiIyIn0.9FeUwNp9BKRaadVz08_kP4wF-73NekapJJLz2Vm-ODc", "created_at": "2026-03-26T13:15:58.515Z", "expires_at": "2026-03-27T13:15:58Z"}}, {"model": "token_blacklist.outstandingtoken", "pk": 25, "fields": {"user": null, "jti": "f5b2035594974932ac499ec6b67561ff", "token": "eyJhbGciOiJIUzI1NiIsInR5cCI6IkpXVCJ9.eyJ0b2tlbl90eXBlIjoicmVmcmVzaCIsImV4cCI6MTc3NDYxODAzMiwiaWF0IjoxNzc0NTMxNjMyLCJqdGkiOiJmNWIyMDM1NTk0OTc0OTMyYWM0OTllYzZiNjc1NjFmZiIsInVzZXJfaWQiOiIyIn0.riFxmwHwSz4i3C3nViNReQfA0n9CZfQPpQ8eSvMgYq0", "created_at": "2026-03-26T13:27:12.671Z", "expires_at": "2026-03-27T13:27:12Z"}}, {"model": "token_blacklist.outstandingtoken", "pk": 26, "fields": {"user": null, "jti": "92fdf180121944d3982a65cef0b76a85", "token": "eyJhbGciOiJIUzI1NiIsInR5cCI6IkpXVCJ9.eyJ0b2tlbl90eXBlIjoicmVmcmVzaCIsImV4cCI6MTc3NDYxODU5OCwiaWF0IjoxNzc0NTMyMTk4LCJqdGkiOiI5MmZkZjE4MDEyMTk0NGQzOTgyYTY1Y2VmMGI3NmE4NSIsInVzZXJfaWQiOiIyIn0.wdFC0PdUG8ScVCz0wLJd0e3-oO-q6uPQff-5qRlbKcQ", "created_at": "2026-03-26T13:36:38.266Z", "expires_at": "2026-03-27T13:36:38Z"}}, {"model": "token_blacklist.outstandingtoken", "pk": 27, "fields": {"user": null, "jti": "39fc1ff852ec4908bffe6c420340ff92", "token": "eyJhbGciOiJIUzI1NiIsInR5cCI6IkpXVCJ9.eyJ0b2tlbl90eXBlIjoicmVmcmVzaCIsImV4cCI6MTc3NDYxODc0MSwiaWF0IjoxNzc0NTMyMzQxLCJqdGkiOiIzOWZjMWZmODUyZWM0OTA4YmZmZTZjNDIwMzQwZmY5MiIsInVzZXJfaWQiOiIyIn0.6ue3OdMrvDhgf4dUj_JHrtAFShvwFrMKiGgA5Sc1cCs", "created_at": "2026-03-26T13:39:01.314Z", "expires_at": "2026-03-27T13:39:01Z"}}, {"model": "token_blacklist.outstandingtoken", "pk": 28, "fields": {"user": null, "jti": "faeac63c75134035a53012dc6cf6a1e9", "token": "eyJhbGciOiJIUzI1NiIsInR5cCI6IkpXVCJ9.eyJ0b2tlbl90eXBlIjoicmVmcmVzaCIsImV4cCI6MTc3NDYxODg0MSwiaWF0IjoxNzc0NTMyNDQxLCJqdGkiOiJmYWVhYzYzYzc1MTM0MDM1YTUzMDEyZGM2Y2Y2YTFlOSIsInVzZXJfaWQiOiIxIn0.EE78srbdl2Fo_7__kBLLIbFA1mnYICahJzeWZMHq2CA", "created_at": "2026-03-26T13:40:41.972Z", "expires_at": "2026-03-27T13:40:41Z"}}, {"model": "token_blacklist.outstandingtoken", "pk": 29, "fields": {"user": null, "jti": "88db06647b6940db8995fcb248178eb2", "token": "eyJhbGciOiJIUzI1NiIsInR5cCI6IkpXVCJ9.eyJ0b2tlbl90eXBlIjoicmVmcmVzaCIsImV4cCI6MTc3NDYyMDA4MSwiaWF0IjoxNzc0NTMzNjgxLCJqdGkiOiI4OGRiMDY2NDdiNjk0MGRiODk5NWZjYjI0ODE3OGViMiIsInVzZXJfaWQiOiIyIn0.S0XCE8sf7h0Cv5dY3tfhg0ttPvAA1Pk_ZReaq5mLsYo", "created_at": "2026-03-26T14:01:21.532Z", "expires_at": "2026-03-27T14:01:21Z"}}, {"model": "token_blacklist.outstandingtoken", "pk": 30, "fields": {"user": null, "jti": "d9110f39e5e14f1d9b1f9901648ee91d", "token": "eyJhbGciOiJIUzI1NiIsInR5cCI6IkpXVCJ9.eyJ0b2tlbl90eXBlIjoicmVmcmVzaCIsImV4cCI6MTc3NDYyMDY5NSwiaWF0IjoxNzc0NTM0Mjk1LCJqdGkiOiJkOTExMGYzOWU1ZTE0ZjFkOWIxZjk5MDE2NDhlZTkxZCIsInVzZXJfaWQiOiIyIn0.pFs7z8ZFTDcCo0gAiRHqPFdDLxYmLHTByKBuxd2Ec8k", "created_at": "2026-03-26T14:11:35.532Z", "expires_at": "2026-03-27T14:11:35Z"}}, {"model": "token_blacklist.outstandingtoken", "pk": 31, "fields": {"user": null, "jti": "1175fb62b0814f258494b50c78883a45", "token": "eyJhbGciOiJIUzI1NiIsInR5cCI6IkpXVCJ9.eyJ0b2tlbl90eXBlIjoicmVmcmVzaCIsImV4cCI6MTc3NDYyMTUxNiwiaWF0IjoxNzc0NTM1MTE2LCJqdGkiOiIxMTc1ZmI2MmIwODE0ZjI1ODQ5NGI1MGM3ODg4M2E0NSIsInVzZXJfaWQiOiIyIn0.eXGtOQsjbZ1FuTxfNiMEdyCWVZi3O_Eohr4fugqrAIw", "created_at": "2026-03-26T14:25:16.340Z", "expires_at": "2026-03-27T14:25:16Z"}}, {"model": "token_blacklist.outstandingtoken", "pk": 32, "fields": {"user": null, "jti": "a7735bc85a124962b17bae5c8664c1f3", "token": "eyJhbGciOiJIUzI1NiIsInR5cCI6IkpXVCJ9.eyJ0b2tlbl90eXBlIjoicmVmcmVzaCIsImV4cCI6MTc3NDYyMTcwOCwiaWF0IjoxNzc0NTM1MzA4LCJqdGkiOiJhNzczNWJjODVhMTI0OTYyYjE3YmFlNWM4NjY0YzFmMyIsInVzZXJfaWQiOiIyIn0.Wi1ekrzI6YlAvsazzS6hDaTuGlQX3P3eqyF-aKvuAtE", "created_at": "2026-03-26T14:28:28.027Z", "expires_at": "2026-03-27T14:28:28Z"}}, {"model": "token_blacklist.outstandingtoken", "pk": 33, "fields": {"user": null, "jti": "b9817707222741618bdaea87183a2336", "token": "eyJhbGciOiJIUzI1NiIsInR5cCI6IkpXVCJ9.eyJ0b2tlbl90eXBlIjoicmVmcmVzaCIsImV4cCI6MTc3NDYyMjU1NywiaWF0IjoxNzc0NTM2MTU3LCJqdGkiOiJiOTgxNzcwNzIyMjc0MTYxOGJkYWVhODcxODNhMjMzNiIsInVzZXJfaWQiOiIyIn0.fmXH3iIg1IG2Zsgxd6EVo46SIjP_ep4re4qEwEGLipM", "created_at": "2026-03-26T14:42:37.768Z", "expires_at": "2026-03-27T14:42:37Z"}}, {"model": "token_blacklist.outstandingtoken", "pk": 34, "fields": {"user": null, "jti": "6607cd1f5794463ba62341f5cc4b4829", "token": "eyJhbGciOiJIUzI1NiIsInR5cCI6IkpXVCJ9.eyJ0b2tlbl90eXBlIjoicmVmcmVzaCIsImV4cCI6MTc3NDYyMzU1NiwiaWF0IjoxNzc0NTM3MTU2LCJqdGkiOiI2NjA3Y2QxZjU3OTQ0NjNiYTYyMzQxZjVjYzRiNDgyOSIsInVzZXJfaWQiOiIyIn0.hqWIkhfW5BV39oXxUuMjFQcyWvotNjL6D5Yp1fPZ-8c", "created_at": "2026-03-26T14:59:16.160Z", "expires_at": "2026-03-27T14:59:16Z"}}, {"model": "token_blacklist.outstandingtoken", "pk": 35, "fields": {"user": null, "jti": "0dbea414d082441e9cc3bd21817fb5f9", "token": "eyJhbGciOiJIUzI1NiIsInR5cCI6IkpXVCJ9.eyJ0b2tlbl90eXBlIjoicmVmcmVzaCIsImV4cCI6MTc3NDYyNDMyNSwiaWF0IjoxNzc0NTM3OTI1LCJqdGkiOiIwZGJlYTQxNGQwODI0NDFlOWNjM2JkMjE4MTdmYjVmOSIsInVzZXJfaWQiOiIyIn0.vxJnbTo4mitMCsvEtWEgK4KK19bGrOlAOEbxSRZKubg", "created_at": "2026-03-26T15:12:05.952Z", "expires_at": "2026-03-27T15:12:05Z"}}, {"model": "token_blacklist.outstandingtoken", "pk": 36, "fields": {"user": null, "jti": "1456f34cdb404eec96f1eaa9b347f12e", "token": "eyJhbGciOiJIUzI1NiIsInR5cCI6IkpXVCJ9.eyJ0b2tlbl90eXBlIjoicmVmcmVzaCIsImV4cCI6MTc3NDYyNDc1MywiaWF0IjoxNzc0NTM4MzUzLCJqdGkiOiIxNDU2ZjM0Y2RiNDA0ZWVjOTZmMWVhYTliMzQ3ZjEyZSIsInVzZXJfaWQiOiIyIn0.J4ku4nbrQ4sfbDA4cKrwTrXAAvgPzYtUNExS0_FB8SQ", "created_at": "2026-03-26T15:19:13.677Z", "expires_at": "2026-03-27T15:19:13Z"}}, {"model": "token_blacklist.outstandingtoken", "pk": 37, "fields": {"user": null, "jti": "e191532702174627a111069ed4ac0f28", "token": "eyJhbGciOiJIUzI1NiIsInR5cCI6IkpXVCJ9.eyJ0b2tlbl90eXBlIjoicmVmcmVzaCIsImV4cCI6MTc3NDYyNzA4MCwiaWF0IjoxNzc0NTQwNjgwLCJqdGkiOiJlMTkxNTMyNzAyMTc0NjI3YTExMTA2OWVkNGFjMGYyOCIsInVzZXJfaWQiOiIyIn0.CRjdZeXcVT5hrrTIvUB1yoR6RqPNYWZG3O6457b18UQ", "created_at": "2026-03-26T15:58:00.081Z", "expires_at": "2026-03-27T15:58:00Z"}}, {"model": "token_blacklist.outstandingtoken", "pk": 38, "fields": {"user": null, "jti": "756ca9ba52dd415c95137d006209c91d", "token": "eyJhbGciOiJIUzI1NiIsInR5cCI6IkpXVCJ9.eyJ0b2tlbl90eXBlIjoicmVmcmVzaCIsImV4cCI6MTc3NDYyNzE4NCwiaWF0IjoxNzc0NTQwNzg0LCJqdGkiOiI3NTZjYTliYTUyZGQ0MTVjOTUxMzdkMDA2MjA5YzkxZCIsInVzZXJfaWQiOiIxIn0.fHa4J6jz-kLYM7mEXYvAF97Yi7TgF5y60b54shTJW24", "created_at": "2026-03-26T15:59:44.936Z", "expires_at": "2026-03-27T15:59:44Z"}}, {"model": "token_blacklist.outstandingtoken", "pk": 39, "fields": {"user": null, "jti": "5990a81cc26047a78a5510b64b95d0e8", "token": "eyJhbGciOiJIUzI1NiIsInR5cCI6IkpXVCJ9.eyJ0b2tlbl90eXBlIjoicmVmcmVzaCIsImV4cCI6MTc3NDYyNzQzMywiaWF0IjoxNzc0NTQxMDMzLCJqdGkiOiI1OTkwYTgxY2MyNjA0N2E3OGE1NTEwYjY0Yjk1ZDBlOCIsInVzZXJfaWQiOiIyIn0._zOGbVKibranNEmQ-7bB26sZcWOpqPqEavP4I6LHazA", "created_at": "2026-03-26T16:03:53.093Z", "expires_at": "2026-03-27T16:03:53Z"}}, {"model": "token_blacklist.outstandingtoken", "pk": 40, "fields": {"user": null, "jti": "873d8db37dec48c39bfa7d0f8a22fee2", "token": "eyJhbGciOiJIUzI1NiIsInR5cCI6IkpXVCJ9.eyJ0b2tlbl90eXBlIjoicmVmcmVzaCIsImV4cCI6MTc3NDY3ODI2MiwiaWF0IjoxNzc0NTkxODYyLCJqdGkiOiI4NzNkOGRiMzdkZWM0OGMzOWJmYTdkMGY4YTIyZmVlMiIsInVzZXJfaWQiOiIxIn0.b096Xn-Bj7qv3gmMxvflOM8zWkT8afeVZ1KU5QwUeu4", "created_at": "2026-03-27T06:11:02.678Z", "expires_at": "2026-03-28T06:11:02Z"}}, {"model": "token_blacklist.outstandingtoken", "pk": 41, "fields": {"user": null, "jti": "3ea94cca8131470fa5828f3815386d52", "token": "eyJhbGciOiJIUzI1NiIsInR5cCI6IkpXVCJ9.eyJ0b2tlbl90eXBlIjoicmVmcmVzaCIsImV4cCI6MTc3NDY4NTg1OSwiaWF0IjoxNzc0NTk5NDU5LCJqdGkiOiIzZWE5NGNjYTgxMzE0NzBmYTU4MjhmMzgxNTM4NmQ1MiIsInVzZXJfaWQiOiIxIn0.z48vDWcdwZAIcLlspwzTef9sxm1fqYWQRMw6bO1H0fw", "created_at": "2026-03-27T08:17:39.241Z", "expires_at": "2026-03-28T08:17:39Z"}}, {"model": "token_blacklist.outstandingtoken", "pk": 42, "fields": {"user": null, "jti": "fc1a0bcf06cc494f980cdbe0b71e92c1", "token": "eyJhbGciOiJIUzI1NiIsInR5cCI6IkpXVCJ9.eyJ0b2tlbl90eXBlIjoicmVmcmVzaCIsImV4cCI6MTc3NDY4NjU1NSwiaWF0IjoxNzc0NjAwMTU1LCJqdGkiOiJmYzFhMGJjZjA2Y2M0OTRmOTgwY2RiZTBiNzFlOTJjMSIsInVzZXJfaWQiOiIzIn0.lDnKDEUrwXGNKaamKk9NLKfxIxE5GA62uTtU0JA6dSs", "created_at": "2026-03-27T08:29:15.909Z", "expires_at": "2026-03-28T08:29:15Z"}}, {"model": "token_blacklist.outstandingtoken", "pk": 43, "fields": {"user": null, "jti": "7d3a6326127143bab9e4bb31f46c1979", "token": "eyJhbGciOiJIUzI1NiIsInR5cCI6IkpXVCJ9.eyJ0b2tlbl90eXBlIjoicmVmcmVzaCIsImV4cCI6MTc3NDY4NjU4NiwiaWF0IjoxNzc0NjAwMTg2LCJqdGkiOiI3ZDNhNjMyNjEyNzE0M2JhYjllNGJiMzFmNDZjMTk3OSIsInVzZXJfaWQiOiIzIn0.TDAT0YtX498BLtQj2F0I3ZyT28UmRO77NW7Kk0EMe0c", "created_at": "2026-03-27T08:29:46.423Z", "expires_at": "2026-03-28T08:29:46Z"}}, {"model": "token_blacklist.outstandingtoken", "pk": 44, "fields": {"user": null, "jti": "4cd6e328266d48238ee43b6dffaeab53", "token": "eyJhbGciOiJIUzI1NiIsInR5cCI6IkpXVCJ9.eyJ0b2tlbl90eXBlIjoicmVmcmVzaCIsImV4cCI6MTc3NDg3MzY5MCwiaWF0IjoxNzc0Nzg3MjkwLCJqdGkiOiI0Y2Q2ZTMyODI2NmQ0ODIzOGVlNDNiNmRmZmFlYWI1MyIsInVzZXJfaWQiOiIxIn0.qHUO3_dgLMOQcsdit3nlMk7nzn9zr5k3NaMz4xcfnVE", "created_at": "2026-03-29T12:28:10.281Z", "expires_at": "2026-03-30T12:28:10Z"}}, {"model": "token_blacklist.outstandingtoken", "pk": 45, "fields": {"user": null, "jti": "f3676b5abf044a1490d8c52ef4e4376d", "token": "eyJhbGciOiJIUzI1NiIsInR5cCI6IkpXVCJ9.eyJ0b2tlbl90eXBlIjoicmVmcmVzaCIsImV4cCI6MTc3NDg3NDI2MSwiaWF0IjoxNzc0Nzg3ODYxLCJqdGkiOiJmMzY3NmI1YWJmMDQ0YTE0OTBkOGM1MmVmNGU0Mzc2ZCIsInVzZXJfaWQiOiIxIn0.adXVvgebSjj4kbZjOg5hFyOW2f6GScA1mxW-dxBcHCE", "created_at": "2026-03-29T12:37:41.166Z", "expires_at": "2026-03-30T12:37:41Z"}}, {"model": "token_blacklist.outstandingtoken", "pk": 46, "fields": {"user": null, "jti": "f73cc6ef13a445ecb8420bbdee314ac1", "token": "eyJhbGciOiJIUzI1NiIsInR5cCI6IkpXVCJ9.eyJ0b2tlbl90eXBlIjoicmVmcmVzaCIsImV4cCI6MTc3NDg3NDYzNywiaWF0IjoxNzc0Nzg4MjM3LCJqdGkiOiJmNzNjYzZlZjEzYTQ0NWVjYjg0MjBiYmRlZTMxNGFjMSIsInVzZXJfaWQiOiIxIn0.91eAPWBlJV_KciglANY2A-Gv7x2tLDZz-MUS8gF55hs", "created_at": "2026-03-29T12:43:57.434Z", "expires_at": "2026-03-30T12:43:57Z"}}, {"model": "token_blacklist.outstandingtoken", "pk": 47, "fields": {"user": null, "jti": "7cf4ba32e28343ff82f295aa71eead03", "token": "eyJhbGciOiJIUzI1NiIsInR5cCI6IkpXVCJ9.eyJ0b2tlbl90eXBlIjoicmVmcmVzaCIsImV4cCI6MTc3NDg3NTMxOSwiaWF0IjoxNzc0Nzg4OTE5LCJqdGkiOiI3Y2Y0YmEzMmUyODM0M2ZmODJmMjk1YWE3MWVlYWQwMyIsInVzZXJfaWQiOiI1In0.TccDtMYaEdW-FCICTbTaIghpXiIZLi2QFYNbv9eH2UQ", "created_at": "2026-03-29T12:55:19.387Z", "expires_at": "2026-03-30T12:55:19Z"}}, {"model": "token_blacklist.outstandingtoken", "pk": 48, "fields": {"user": null, "jti": "c4accb64b8204641aeb26fdd6e6cdd9d", "token": "eyJhbGciOiJIUzI1NiIsInR5cCI6IkpXVCJ9.eyJ0b2tlbl90eXBlIjoicmVmcmVzaCIsImV4cCI6MTc3NDg3NzQ1OSwiaWF0IjoxNzc0NzkxMDU5LCJqdGkiOiJjNGFjY2I2NGI4MjA0NjQxYWViMjZmZGQ2ZTZjZGQ5ZCIsInVzZXJfaWQiOiI1In0.zaVVkq5xY1ZFtmn4W6UNxvH0ZIY90M2q55CUnMVKpIg", "created_at": "2026-03-29T13:30:59.824Z", "expires_at": "2026-03-30T13:30:59Z"}}, {"model": "token_blacklist.outstandingtoken", "pk": 49, "fields": {"user": null, "jti": "b843e5ab4c534872af5c7d7e315c572c", "token": "eyJhbGciOiJIUzI1NiIsInR5cCI6IkpXVCJ9.eyJ0b2tlbl90eXBlIjoicmVmcmVzaCIsImV4cCI6MTc3NDg3ODE1MCwiaWF0IjoxNzc0NzkxNzUwLCJqdGkiOiJiODQzZTVhYjRjNTM0ODcyYWY1YzdkN2UzMTVjNTcyYyIsInVzZXJfaWQiOiI3In0.DbOeOn3HccRUwmpAF4_4kAXf-H6x9mITb1Rb4lujdkc", "created_at": "2026-03-29T13:42:30.301Z", "expires_at": "2026-03-30T13:42:30Z"}}, {"model": "token_blacklist.outstandingtoken", "pk": 50, "fields": {"user": null, "jti": "b183c35678f142cf86bf252f0da94348", "token": "eyJhbGciOiJIUzI1NiIsInR5cCI6IkpXVCJ9.eyJ0b2tlbl90eXBlIjoicmVmcmVzaCIsImV4cCI6MTc3NDg3ODk2MywiaWF0IjoxNzc0NzkyNTYzLCJqdGkiOiJiMTgzYzM1Njc4ZjE0MmNmODZiZjI1MmYwZGE5NDM0OCIsInVzZXJfaWQiOiI4In0.tD2OVELkGMlgIJzNCnVkbozxAd2G0noMDurbCqd4v-0", "created_at": "2026-03-29T13:56:03.073Z", "expires_at": "2026-03-30T13:56:03Z"}}, {"model": "token_blacklist.outstandingtoken", "pk": 51, "fields": {"user": null, "jti": "033c1bef703a49fa8aacedd1e7ba2862", "token": "eyJhbGciOiJIUzI1NiIsInR5cCI6IkpXVCJ9.eyJ0b2tlbl90eXBlIjoicmVmcmVzaCIsImV4cCI6MTc3NDg3OTE1MSwiaWF0IjoxNzc0NzkyNzUxLCJqdGkiOiIwMzNjMWJlZjcwM2E0OWZhOGFhY2VkZDFlN2JhMjg2MiIsInVzZXJfaWQiOiI5In0.frXUQJPpMQyNXophdZwwyM-nR5oBECB6XOnhgiI9vY0", "created_at": "2026-03-29T13:59:11.918Z", "expires_at": "2026-03-30T13:59:11Z"}}, {"model": "token_blacklist.outstandingtoken", "pk": 52, "fields": {"user": null, "jti": "21792fb78d0d4870bbd9fb5d0089bde3", "token": "eyJhbGciOiJIUzI1NiIsInR5cCI6IkpXVCJ9.eyJ0b2tlbl90eXBlIjoicmVmcmVzaCIsImV4cCI6MTc3NDg4MDA5NSwiaWF0IjoxNzc0NzkzNjk1LCJqdGkiOiIyMTc5MmZiNzhkMGQ0ODcwYmJkOWZiNWQwMDg5YmRlMyIsInVzZXJfaWQiOiI5In0.YPsc_OuaXrF04X4GaN458Q3tCBv9HC9Fcd2Xev6ht6k", "created_at": "2026-03-29T14:14:55.558Z", "expires_at": "2026-03-30T14:14:55Z"}}, {"model": "token_blacklist.outstandingtoken", "pk": 53, "fields": {"user": null, "jti": "4913b537f0bb4f5b8b43615f063ee0e0", "token": "eyJhbGciOiJIUzI1NiIsInR5cCI6IkpXVCJ9.eyJ0b2tlbl90eXBlIjoicmVmcmVzaCIsImV4cCI6MTc3NDg4MDEyMSwiaWF0IjoxNzc0NzkzNzIxLCJqdGkiOiI0OTEzYjUzN2YwYmI0ZjViOGI0MzYxNWYwNjNlZTBlMCIsInVzZXJfaWQiOiI5In0.5DykBMMnZa22Mzhx5LgQmQ5SylTrJ-uWThSAqUD6nTw", "created_at": "2026-03-29T14:15:21.369Z", "expires_at": "2026-03-30T14:15:21Z"}}, {"model": "token_blacklist.outstandingtoken", "pk": 54, "fields": {"user": null, "jti": "8ea4ed5b51754a3cb38c438fd9f59c18", "token": "eyJhbGciOiJIUzI1NiIsInR5cCI6IkpXVCJ9.eyJ0b2tlbl90eXBlIjoicmVmcmVzaCIsImV4cCI6MTc3NDg4MDMyOCwiaWF0IjoxNzc0NzkzOTI4LCJqdGkiOiI4ZWE0ZWQ1YjUxNzU0YTNjYjM4YzQzOGZkOWY1OWMxOCIsInVzZXJfaWQiOiI5In0.O6y29L4ylk8sE0Tgi_CxFRBiXEya_UI81c2yGgJ8NP8", "created_at": "2026-03-29T14:18:48.780Z", "expires_at": "2026-03-30T14:18:48Z"}}, {"model": "token_blacklist.outstandingtoken", "pk": 55, "fields": {"user": null, "jti": "695148065b294213b5fa5c94e0ab1875", "token": "eyJhbGciOiJIUzI1NiIsInR5cCI6IkpXVCJ9.eyJ0b2tlbl90eXBlIjoicmVmcmVzaCIsImV4cCI6MTc3NDg4MDk5NSwiaWF0IjoxNzc0Nzk0NTk1LCJqdGkiOiI2OTUxNDgwNjViMjk0MjEzYjVmYTVjOTRlMGFiMTg3NSIsInVzZXJfaWQiOiI5In0.A7jb2UVJzmEI8wYx5Rs_7HEgfLMRLYFx8GjDjPD-ZlQ", "created_at": "2026-03-29T14:29:55.721Z", "expires_at": "2026-03-30T14:29:55Z"}}, {"model": "token_blacklist.outstandingtoken", "pk": 56, "fields": {"user": null, "jti": "8fb4dd79531b454ba57fcbbeb8df25fb", "token": "eyJhbGciOiJIUzI1NiIsInR5cCI6IkpXVCJ9.eyJ0b2tlbl90eXBlIjoicmVmcmVzaCIsImV4cCI6MTc3NDg4MTM3NCwiaWF0IjoxNzc0Nzk0OTc0LCJqdGkiOiI4ZmI0ZGQ3OTUzMWI0NTRiYTU3ZmNiYmViOGRmMjVmYiIsInVzZXJfaWQiOiI5In0.9bAvKphUZSHG1JoWx89BfqVQX3O3ZP0YbZYy2l48bnI", "created_at": "2026-03-29T14:36:14.290Z", "expires_at": "2026-03-30T14:36:14Z"}}, {"model": "token_blacklist.outstandingtoken", "pk": 57, "fields": {"user": null, "jti": "421c704c435346b8a6d09a9cbeff6f3b", "token": "eyJhbGciOiJIUzI1NiIsInR5cCI6IkpXVCJ9.eyJ0b2tlbl90eXBlIjoicmVmcmVzaCIsImV4cCI6MTc3NDg4MjMxMiwiaWF0IjoxNzc0Nzk1OTEyLCJqdGkiOiI0MjFjNzA0YzQzNTM0NmI4YTZkMDlhOWNiZWZmNmYzYiIsInVzZXJfaWQiOiI5In0.C7iDCslgiGzHqfTMsXrplf9p36-o7Ba2J1rihcUPbq0", "created_at": "2026-03-29T14:51:52.410Z", "expires_at": "2026-03-30T14:51:52Z"}}, {"model": "token_blacklist.outstandingtoken", "pk": 58, "fields": {"user": null, "jti": "da07afa1fd6a4a72a90b2652c9e5e01e", "token": "eyJhbGciOiJIUzI1NiIsInR5cCI6IkpXVCJ9.eyJ0b2tlbl90eXBlIjoicmVmcmVzaCIsImV4cCI6MTc3NDg4MjMzNiwiaWF0IjoxNzc0Nzk1OTM2LCJqdGkiOiJkYTA3YWZhMWZkNmE0YTcyYTkwYjI2NTJjOWU1ZTAxZSIsInVzZXJfaWQiOiIxIn0.cbJYWg0VxGGVgY-9av5eAojAODdRN15br3kcJ8CGYkY", "created_at": "2026-03-29T14:52:16.325Z", "expires_at": "2026-03-30T14:52:16Z"}}, {"model": "token_blacklist.outstandingtoken", "pk": 59, "fields": {"user": null, "jti": "2ed202427bc64e1c98cf72790d5a69e7", "token": "eyJhbGciOiJIUzI1NiIsInR5cCI6IkpXVCJ9.eyJ0b2tlbl90eXBlIjoicmVmcmVzaCIsImV4cCI6MTc3NDg4NDAwNSwiaWF0IjoxNzc0Nzk3NjA1LCJqdGkiOiIyZWQyMDI0MjdiYzY0ZTFjOThjZjcyNzkwZDVhNjllNyIsInVzZXJfaWQiOiI5In0.we2ZeRI2qj7t_Hqg02GC9O1rQ1gPcWw-gAJEz4AmoWI", "created_at": "2026-03-29T15:20:05.237Z", "expires_at": "2026-03-30T15:20:05Z"}}, {"model": "token_blacklist.outstandingtoken", "pk": 60, "fields": {"user": null, "jti": "ae89541dbd2c4476a1c777147c7e70c4", "token": "eyJhbGciOiJIUzI1NiIsInR5cCI6IkpXVCJ9.eyJ0b2tlbl90eXBlIjoicmVmcmVzaCIsImV4cCI6MTc3NDg4NDU5NiwiaWF0IjoxNzc0Nzk4MTk2LCJqdGkiOiJhZTg5NTQxZGJkMmM0NDc2YTFjNzc3MTQ3YzdlNzBjNCIsInVzZXJfaWQiOiI5In0.0sHtjYW7XulbKuRoAObXnTf4T5-uCqmHfHNwtqlDKYM", "created_at": "2026-03-29T15:29:56.763Z", "expires_at": "2026-03-30T15:29:56Z"}}, {"model": "token_blacklist.outstandingtoken", "pk": 61, "fields": {"user": null, "jti": "204458bc28984db3a0ae15d98acd39ab", "token": "eyJhbGciOiJIUzI1NiIsInR5cCI6IkpXVCJ9.eyJ0b2tlbl90eXBlIjoicmVmcmVzaCIsImV4cCI6MTc3NDg4NTQ3NiwiaWF0IjoxNzc0Nzk5MDc2LCJqdGkiOiIyMDQ0NThiYzI4OTg0ZGIzYTBhZTE1ZDk4YWNkMzlhYiIsInVzZXJfaWQiOiI5In0.pzSFJy3V3ZG0fhO2vZXkcn_UG6SLzOh3hOmCqKcmCuo", "created_at": "2026-03-29T15:44:36.897Z", "expires_at": "2026-03-30T15:44:36Z"}}, {"model": "token_blacklist.outstandingtoken", "pk": 62, "fields": {"user": null, "jti": "600585efb1714c56bc203cfac44b795b", "token": "eyJhbGciOiJIUzI1NiIsInR5cCI6IkpXVCJ9.eyJ0b2tlbl90eXBlIjoicmVmcmVzaCIsImV4cCI6MTc3NDg4NTY5MSwiaWF0IjoxNzc0Nzk5MjkxLCJqdGkiOiI2MDA1ODVlZmIxNzE0YzU2YmMyMDNjZmFjNDRiNzk1YiIsInVzZXJfaWQiOiI5In0.ziQCSqiH6mWww1NAP8iQ5I8wmqNlRzmLDp6J59Y9XWM", "created_at": "2026-03-29T15:48:11.915Z", "expires_at": "2026-03-30T15:48:11Z"}}, {"model": "token_blacklist.outstandingtoken", "pk": 63, "fields": {"user": null, "jti": "5bd9dacad3574d9abf05a7cc69319993", "token": "eyJhbGciOiJIUzI1NiIsInR5cCI6IkpXVCJ9.eyJ0b2tlbl90eXBlIjoicmVmcmVzaCIsImV4cCI6MTc3NDg4NTczMywiaWF0IjoxNzc0Nzk5MzMzLCJqdGkiOiI1YmQ5ZGFjYWQzNTc0ZDlhYmYwNWE3Y2M2OTMxOTk5MyIsInVzZXJfaWQiOiI5In0.A7ZOq_qguaXQpUQZbebmBMKPxTBL5KXChrUUB0xpnvU", "created_at": "2026-03-29T15:48:53.593Z", "expires_at": "2026-03-30T15:48:53Z"}}, {"model": "token_blacklist.outstandingtoken", "pk": 64, "fields": {"user": null, "jti": "d44598f019bf4ae0be351ece45e4c5e5", "token": "eyJhbGciOiJIUzI1NiIsInR5cCI6IkpXVCJ9.eyJ0b2tlbl90eXBlIjoicmVmcmVzaCIsImV4cCI6MTc3NDg4NTk1NiwiaWF0IjoxNzc0Nzk5NTU2LCJqdGkiOiJkNDQ1OThmMDE5YmY0YWUwYmUzNTFlY2U0NWU0YzVlNSIsInVzZXJfaWQiOiI5In0.aqVxCFIpIlBZdpwpnczKchHgSGjDobFzYgJDhSdlXUo", "created_at": "2026-03-29T15:52:36.861Z", "expires_at": "2026-03-30T15:52:36Z"}}, {"model": "token_blacklist.outstandingtoken", "pk": 65, "fields": {"user": null, "jti": "05bd704f7ea546228b9b60d22f0cfd91", "token": "eyJhbGciOiJIUzI1NiIsInR5cCI6IkpXVCJ9.eyJ0b2tlbl90eXBlIjoicmVmcmVzaCIsImV4cCI6MTc3NDg4NjM0OSwiaWF0IjoxNzc0Nzk5OTQ5LCJqdGkiOiIwNWJkNzA0ZjdlYTU0NjIyOGI5YjYwZDIyZjBjZmQ5MSIsInVzZXJfaWQiOiI5In0.uZRyav6RIsoCtMGVBt4Jdnjzn5ySJFu0Jp-q1PsmNno", "created_at": "2026-03-29T15:59:09.072Z", "expires_at": "2026-03-30T15:59:09Z"}}, {"model": "token_blacklist.outstandingtoken", "pk": 66, "fields": {"user": null, "jti": "d2f864cd6abc45269357fe5191089c2e", "token": "eyJhbGciOiJIUzI1NiIsInR5cCI6IkpXVCJ9.eyJ0b2tlbl90eXBlIjoicmVmcmVzaCIsImV4cCI6MTc3NDg4OTQ3MSwiaWF0IjoxNzc0ODAzMDcxLCJqdGkiOiJkMmY4NjRjZDZhYmM0NTI2OTM1N2ZlNTE5MTA4OWMyZSIsInVzZXJfaWQiOiI5In0.Xxcg7eRi3827TBv9pSYFyI4fEQXiMavhQNbo1JQeudY", "created_at": "2026-03-29T16:51:11.021Z", "expires_at": "2026-03-30T16:51:11Z"}}, {"model": "token_blacklist.outstandingtoken", "pk": 67, "fields": {"user": null, "jti": "97b945fc97e74b71b6a3d14d29b4971d", "token": "eyJhbGciOiJIUzI1NiIsInR5cCI6IkpXVCJ9.eyJ0b2tlbl90eXBlIjoicmVmcmVzaCIsImV4cCI6MTc3NDg4OTU3MCwiaWF0IjoxNzc0ODAzMTcwLCJqdGkiOiI5N2I5NDVmYzk3ZTc0YjcxYjZhM2QxNGQyOWI0OTcxZCIsInVzZXJfaWQiOiIxIn0.V5nLBV4D85LdQA5_2m3DgZ52fS_optlFLEbZbf_mMlE", "created_at": "2026-03-29T16:52:50.955Z", "expires_at": "2026-03-30T16:52:50Z"}}, {"model": "token_blacklist.outstandingtoken", "pk": 68, "fields": {"user": null, "jti": "690baf2b84004c7ab3ebc5d3f6956afa", "token": "eyJhbGciOiJIUzI1NiIsInR5cCI6IkpXVCJ9.eyJ0b2tlbl90eXBlIjoicmVmcmVzaCIsImV4cCI6MTc3NDg4OTkwMywiaWF0IjoxNzc0ODAzNTAzLCJqdGkiOiI2OTBiYWYyYjg0MDA0YzdhYjNlYmM1ZDNmNjk1NmFmYSIsInVzZXJfaWQiOiI5In0.32IRnNO00p6_hAN3dFAJaoJQpIgL9-FzeBjccLNMqUs", "created_at": "2026-03-29T16:58:23.242Z", "expires_at": "2026-03-30T16:58:23Z"}}, {"model": "token_blacklist.outstandingtoken", "pk": 69, "fields": {"user": null, "jti": "1e8c03e14c784918b9dd733d08264e51", "token": "eyJhbGciOiJIUzI1NiIsInR5cCI6IkpXVCJ9.eyJ0b2tlbl90eXBlIjoicmVmcmVzaCIsImV4cCI6MTc3NDkzMjcxNCwiaWF0IjoxNzc0ODQ2MzE0LCJqdGkiOiIxZThjMDNlMTRjNzg0OTE4YjlkZDczM2QwODI2NGU1MSIsInVzZXJfaWQiOiIxIn0.L4bNcnEygeqj8nEvKLRQudyd15WGBpfK4-GmdGnxRb4", "created_at": "2026-03-30T04:51:54.365Z", "expires_at": "2026-03-31T04:51:54Z"}}, {"model": "token_blacklist.outstandingtoken", "pk": 70, "fields": {"user": null, "jti": "b271d02a704049c690861356117bf7e8", "token": "eyJhbGciOiJIUzI1NiIsInR5cCI6IkpXVCJ9.eyJ0b2tlbl90eXBlIjoicmVmcmVzaCIsImV4cCI6MTc3NDkzMzkyNCwiaWF0IjoxNzc0ODQ3NTI0LCJqdGkiOiJiMjcxZDAyYTcwNDA0OWM2OTA4NjEzNTYxMTdiZjdlOCIsInVzZXJfaWQiOiIxIn0.B-DQCJOrqYkbiqojuEOoZdo5TB_9y6HUApZ0BR9VpKQ", "created_at": "2026-03-30T05:12:04.961Z", "expires_at": "2026-03-31T05:12:04Z"}}, {"model": "token_blacklist.outstandingtoken", "pk": 71, "fields": {"user": null, "jti": "aec57fe6feb14c9993795ffb11c5cabd", "token": "eyJhbGciOiJIUzI1NiIsInR5cCI6IkpXVCJ9.eyJ0b2tlbl90eXBlIjoicmVmcmVzaCIsImV4cCI6MTc3NDk0NDg0NSwiaWF0IjoxNzc0ODU4NDQ1LCJqdGkiOiJhZWM1N2ZlNmZlYjE0Yzk5OTM3OTVmZmIxMWM1Y2FiZCIsInVzZXJfaWQiOiIxIn0.w0obZeAHaCW_D0DXPhBXnGBNotlN4n1jbrWkZzM2cKI", "created_at": "2026-03-30T08:14:05.050Z", "expires_at": "2026-03-31T08:14:05Z"}}, {"model": "token_blacklist.outstandingtoken", "pk": 72, "fields": {"user": null, "jti": "5aecc6ab618f4081a508e14391e1ae8a", "token": "eyJhbGciOiJIUzI1NiIsInR5cCI6IkpXVCJ9.eyJ0b2tlbl90eXBlIjoicmVmcmVzaCIsImV4cCI6MTc3NDk1NjU3OCwiaWF0IjoxNzc0ODcwMTc4LCJqdGkiOiI1YWVjYzZhYjYxOGY0MDgxYTUwOGUxNDM5MWUxYWU4YSIsInVzZXJfaWQiOiI5In0.oJYR17mY566HSsdM-w64uP7z9ICi3kN53ZsYj8km8Ng", "created_at": "2026-03-30T11:29:38.693Z", "expires_at": "2026-03-31T11:29:38Z"}}, {"model": "token_blacklist.outstandingtoken", "pk": 73, "fields": {"user": null, "jti": "3f7c40f84e2d4412a3c14ec399ba0411", "token": "eyJhbGciOiJIUzI1NiIsInR5cCI6IkpXVCJ9.eyJ0b2tlbl90eXBlIjoicmVmcmVzaCIsImV4cCI6MTc3NDk1NjYwMywiaWF0IjoxNzc0ODcwMjAzLCJqdGkiOiIzZjdjNDBmODRlMmQ0NDEyYTNjMTRlYzM5OWJhMDQxMSIsInVzZXJfaWQiOiIxIn0.aj4XVYpmLZbuI8yly3-0Vj-OVM5L4pZ59ATrWDGPL94", "created_at": "2026-03-30T11:30:03.064Z", "expires_at": "2026-03-31T11:30:03Z"}}, {"model": "token_blacklist.outstandingtoken", "pk": 74, "fields": {"user": 10, "jti": "28f3cd8cdb834186ad2a016932671ce7", "token": "eyJhbGciOiJIUzI1NiIsInR5cCI6IkpXVCJ9.eyJ0b2tlbl90eXBlIjoicmVmcmVzaCIsImV4cCI6MTc3NDk1NzI3OCwiaWF0IjoxNzc0ODcwODc4LCJqdGkiOiIyOGYzY2Q4Y2RiODM0MTg2YWQyYTAxNjkzMjY3MWNlNyIsInVzZXJfaWQiOiIxMCJ9.EmoQII5OAYc37IoIxoirs_5WUO64rmejqQilg9WtS-Q", "created_at": "2026-03-30T11:41:18.575Z", "expires_at": "2026-03-31T11:41:18Z"}}, {"model": "token_blacklist.outstandingtoken", "pk": 75, "fields": {"user": null, "jti": "17c14f9543f445d9a2048862ab109ebc", "token": "eyJhbGciOiJIUzI1NiIsInR5cCI6IkpXVCJ9.eyJ0b2tlbl90eXBlIjoicmVmcmVzaCIsImV4cCI6MTc3NDk1NzM1MSwiaWF0IjoxNzc0ODcwOTUxLCJqdGkiOiIxN2MxNGY5NTQzZjQ0NWQ5YTIwNDg4NjJhYjEwOWViYyIsInVzZXJfaWQiOiIxMiJ9.R7kPbBrj5EhD4jV04Q9UBf5PdyNMh82LBT-ffLRaHfE", "created_at": "2026-03-30T11:42:31.556Z", "expires_at": "2026-03-31T11:42:31Z"}}, {"model": "token_blacklist.outstandingtoken", "pk": 76, "fields": {"user": null, "jti": "d06cd4c55800481e9cb9dda87346d52e", "token": "eyJhbGciOiJIUzI1NiIsInR5cCI6IkpXVCJ9.eyJ0b2tlbl90eXBlIjoicmVmcmVzaCIsImV4cCI6MTc3NDk1NzY1NywiaWF0IjoxNzc0ODcxMjU3LCJqdGkiOiJkMDZjZDRjNTU4MDA0ODFlOWNiOWRkYTg3MzQ2ZDUyZSIsInVzZXJfaWQiOiIxMSJ9.q-zxtfiyY5ZhbMrXwxzDAz1E9CSBu7kFK1YhP1zqL0k", "created_at": "2026-03-30T11:47:37.227Z", "expires_at": "2026-03-31T11:47:37Z"}}, {"model": "token_blacklist.outstandingtoken", "pk": 77, "fields": {"user": null, "jti": "54aafa5532c44ec294dcaaa9eb07b8c5", "token": "eyJhbGciOiJIUzI1NiIsInR5cCI6IkpXVCJ9.eyJ0b2tlbl90eXBlIjoicmVmcmVzaCIsImV4cCI6MTc3NDk1ODMyOSwiaWF0IjoxNzc0ODcxOTI5LCJqdGkiOiI1NGFhZmE1NTMyYzQ0ZWMyOTRkY2FhYTllYjA3YjhjNSIsInVzZXJfaWQiOiIxMiJ9.E5V0hACrx0IIoX24mEVRkafxW55YNDqgmnW0P_MsmI0", "created_at": "2026-03-30T11:58:49.689Z", "expires_at": "2026-03-31T11:58:49Z"}}, {"model": "token_blacklist.outstandingtoken", "pk": 78, "fields": {"user": null, "jti": "c2ffed56949043498378f0fa90b8e4a1", "token": "eyJhbGciOiJIUzI1NiIsInR5cCI6IkpXVCJ9.eyJ0b2tlbl90eXBlIjoicmVmcmVzaCIsImV4cCI6MTc3NDk1ODQ1MywiaWF0IjoxNzc0ODcyMDUzLCJqdGkiOiJjMmZmZWQ1Njk0OTA0MzQ5ODM3OGYwZmE5MGI4ZTRhMSIsInVzZXJfaWQiOiIxMiJ9.8D0IV1fvqUUqT_O7K9XOvJHgzCXzKTiJgmT8FVb_FLE", "created_at": "2026-03-30T12:00:53.795Z", "expires_at": "2026-03-31T12:00:53Z"}}, {"model": "token_blacklist.outstandingtoken", "pk": 79, "fields": {"user": null, "jti": "9549d3320c364022b744b2d526d48b27", "token": "eyJhbGciOiJIUzI1NiIsInR5cCI6IkpXVCJ9.eyJ0b2tlbl90eXBlIjoicmVmcmVzaCIsImV4cCI6MTc3NDk1ODQ4OSwiaWF0IjoxNzc0ODcyMDg5LCJqdGkiOiI5NTQ5ZDMzMjBjMzY0MDIyYjc0NGIyZDUyNmQ0OGIyNyIsInVzZXJfaWQiOiIxMiJ9.3sTbJIjzhzbM62AGa4LtmJt2bfsVr7I1GglBIN2Lclw", "created_at": "2026-03-30T12:01:29.427Z", "expires_at": "2026-03-31T12:01:29Z"}}, {"model": "token_blacklist.outstandingtoken", "pk": 80, "fields": {"user": null, "jti": "0fc2ae624baf4b748a51514baa2547cb", "token": "eyJhbGciOiJIUzI1NiIsInR5cCI6IkpXVCJ9.eyJ0b2tlbl90eXBlIjoicmVmcmVzaCIsImV4cCI6MTc3NDk1ODcyMCwiaWF0IjoxNzc0ODcyMzIwLCJqdGkiOiIwZmMyYWU2MjRiYWY0Yjc0OGE1MTUxNGJhYTI1NDdjYiIsInVzZXJfaWQiOiIxMiJ9.c_pFlCSCTJeGzWKGBoqJgkq3wVu7U07Oktzr1qN4FXI", "created_at": "2026-03-30T12:05:20.705Z", "expires_at": "2026-03-31T12:05:20Z"}}, {"model": "token_blacklist.outstandingtoken", "pk": 81, "fields": {"user": 15, "jti": "c924bbf23c8d47d4a348b50169518632", "token": "eyJhbGciOiJIUzI1NiIsInR5cCI6IkpXVCJ9.eyJ0b2tlbl90eXBlIjoicmVmcmVzaCIsImV4cCI6MTc3NDk1ODkxOSwiaWF0IjoxNzc0ODcyNTE5LCJqdGkiOiJjOTI0YmJmMjNjOGQ0N2Q0YTM0OGI1MDE2OTUxODYzMiIsInVzZXJfaWQiOiIxNSJ9.TjFjCnkpICtO_l_DrellG2x94bvy8rmQWjOuimF_2OU", "created_at": "2026-03-30T12:08:39.032Z", "expires_at": "2026-03-31T12:08:39Z"}}, {"model": "token_blacklist.outstandingtoken", "pk": 82, "fields": {"user": 17, "jti": "97fe51d8cb7a4766947b0e865319b74a", "token": "eyJhbGciOiJIUzI1NiIsInR5cCI6IkpXVCJ9.eyJ0b2tlbl90eXBlIjoicmVmcmVzaCIsImV4cCI6MTc3NDk1OTI1MSwiaWF0IjoxNzc0ODcyODUxLCJqdGkiOiI5N2ZlNTFkOGNiN2E0NzY2OTQ3YjBlODY1MzE5Yjc0YSIsInVzZXJfaWQiOiIxNyJ9.z8L-t5sIKVnHi1TwoijDLIJr9yvt7Z60tonW_kzmJq8", "created_at": "2026-03-30T12:14:11.216Z", "expires_at": "2026-03-31T12:14:11Z"}}, {"model": "token_blacklist.outstandingtoken", "pk": 83, "fields": {"user": 10, "jti": "d4a71f9d85a34a9db623b282d1d647a8", "token": "eyJhbGciOiJIUzI1NiIsInR5cCI6IkpXVCJ9.eyJ0b2tlbl90eXBlIjoicmVmcmVzaCIsImV4cCI6MTc3NDk1OTU1MywiaWF0IjoxNzc0ODczMTUzLCJqdGkiOiJkNGE3MWY5ZDg1YTM0YTlkYjYyM2IyODJkMWQ2NDdhOCIsInVzZXJfaWQiOiIxMCJ9.T3FggP3kMyOXqk3L_1G6e-f9YFRNCVd3y1Rk6j8H0gk", "created_at": "2026-03-30T12:19:13.901Z", "expires_at": "2026-03-31T12:19:13Z"}}, {"model": "token_blacklist.outstandingtoken", "pk": 84, "fields": {"user": 10, "jti": "f5b8cac48d0841a68b74c3cca6bfdbdc", "token": "eyJhbGciOiJIUzI1NiIsInR5cCI6IkpXVCJ9.eyJ0b2tlbl90eXBlIjoicmVmcmVzaCIsImV4cCI6MTc3NDk1OTYwOSwiaWF0IjoxNzc0ODczMjA5LCJqdGkiOiJmNWI4Y2FjNDhkMDg0MWE2OGI3NGMzY2NhNmJmZGJkYyIsInVzZXJfaWQiOiIxMCJ9.jNAUdUTP8gIvirMyAVyzxkklmzFmtVRGzYz9Kqf-hVc", "created_at": "2026-03-30T12:20:09.105Z", "expires_at": "2026-03-31T12:20:09Z"}}, {"model": "token_blacklist.outstandingtoken", "pk": 85, "fields": {"user": 10, "jti": "40d972c58b2f4145896cdad1c9b0584f", "token": "eyJhbGciOiJIUzI1NiIsInR5cCI6IkpXVCJ9.eyJ0b2tlbl90eXBlIjoicmVmcmVzaCIsImV4cCI6MTc3NDk1OTY0OCwiaWF0IjoxNzc0ODczMjQ4LCJqdGkiOiI0MGQ5NzJjNThiMmY0MTQ1ODk2Y2RhZDFjOWIwNTg0ZiIsInVzZXJfaWQiOiIxMCJ9.PySSBOc6y1CMOLh6ScE28hQ5o_4phvRc2Adm3o3asT4", "created_at": "2026-03-30T12:20:48.253Z", "expires_at": "2026-03-31T12:20:48Z"}}, {"model": "token_blacklist.outstandingtoken", "pk": 86, "fields": {"user": 17, "jti": "5c373ec87840409585bc603f980c7720", "token": "eyJhbGciOiJIUzI1NiIsInR5cCI6IkpXVCJ9.eyJ0b2tlbl90eXBlIjoicmVmcmVzaCIsImV4cCI6MTc3NDk1OTgzNywiaWF0IjoxNzc0ODczNDM3LCJqdGkiOiI1YzM3M2VjODc4NDA0MDk1ODViYzYwM2Y5ODBjNzcyMCIsInVzZXJfaWQiOiIxNyJ9.8RK1sCPpqHUpmUOMM7nCG8WfEPz1rlCY05Al5MI0VXE", "created_at": "2026-03-30T12:23:57.197Z", "expires_at": "2026-03-31T12:23:57Z"}}, {"model": "token_blacklist.outstandingtoken", "pk": 87, "fields": {"user": 17, "jti": "1eda9bfd30634809b1480cd1ec923590", "token": "eyJhbGciOiJIUzI1NiIsInR5cCI6IkpXVCJ9.eyJ0b2tlbl90eXBlIjoicmVmcmVzaCIsImV4cCI6MTc3NDk2MTE1NywiaWF0IjoxNzc0ODc0NzU3LCJqdGkiOiIxZWRhOWJmZDMwNjM0ODA5YjE0ODBjZDFlYzkyMzU5MCIsInVzZXJfaWQiOiIxNyJ9.RVzuLODbwe3Us-AvSy7FwDgIhvp0IvDVNrNeJGUEjNA", "created_at": "2026-03-30T12:45:57.518Z", "expires_at": "2026-03-31T12:45:57Z"}}, {"model": "token_blacklist.outstandingtoken", "pk": 88, "fields": {"user": 15, "jti": "8598f6532ddc410f9e016971b5ecb7ba", "token": "eyJhbGciOiJIUzI1NiIsInR5cCI6IkpXVCJ9.eyJ0b2tlbl90eXBlIjoicmVmcmVzaCIsImV4cCI6MTc3NDk2MjU4MywiaWF0IjoxNzc0ODc2MTgzLCJqdGkiOiI4NTk4ZjY1MzJkZGM0MTBmOWUwMTY5NzFiNWVjYjdiYSIsInVzZXJfaWQiOiIxNSJ9.VZiSoTIxPXkTWPPNssqvrME8Q_7YUfZ-lgxJdX_h3TE", "created_at": "2026-03-30T13:09:43.468Z", "expires_at": "2026-03-31T13:09:43Z"}}, {"model": "token_blacklist.outstandingtoken", "pk": 89, "fields": {"user": 10, "jti": "d13aba10381d4211b99609e2f0933ee5", "token": "eyJhbGciOiJIUzI1NiIsInR5cCI6IkpXVCJ9.eyJ0b2tlbl90eXBlIjoicmVmcmVzaCIsImV4cCI6MTc3NDk2NTAxMCwiaWF0IjoxNzc0ODc4NjEwLCJqdGkiOiJkMTNhYmExMDM4MWQ0MjExYjk5NjA5ZTJmMDkzM2VlNSIsInVzZXJfaWQiOiIxMCJ9.rraguUCe9tXTvzW_qGz3DfcZjxUFwbOU2i01yj_VXng", "created_at": "2026-03-30T13:50:10.573Z", "expires_at": "2026-03-31T13:50:10Z"}}, {"model": "token_blacklist.outstandingtoken", "pk": 90, "fields": {"user": 10, "jti": "f11171198da146f9811f04c83147fca4", "token": "eyJhbGciOiJIUzI1NiIsInR5cCI6IkpXVCJ9.eyJ0b2tlbl90eXBlIjoicmVmcmVzaCIsImV4cCI6MTc3NDk2NTE1NywiaWF0IjoxNzc0ODc4NzU3LCJqdGkiOiJmMTExNzExOThkYTE0NmY5ODExZjA0YzgzMTQ3ZmNhNCIsInVzZXJfaWQiOiIxMCJ9.wMlCQw90-DhnJjZV2VtEIO1554PvbOkxdDwqVyPgK38", "created_at": "2026-03-30T13:52:37.077Z", "expires_at": "2026-03-31T13:52:37Z"}}, {"model": "token_blacklist.outstandingtoken", "pk": 91, "fields": {"user": 17, "jti": "4d6bda2d546b414caf747440ff0fb284", "token": "eyJhbGciOiJIUzI1NiIsInR5cCI6IkpXVCJ9.eyJ0b2tlbl90eXBlIjoicmVmcmVzaCIsImV4cCI6MTc3NDk2NjI3MiwiaWF0IjoxNzc0ODc5ODcyLCJqdGkiOiI0ZDZiZGEyZDU0NmI0MTRjYWY3NDc0NDBmZjBmYjI4NCIsInVzZXJfaWQiOiIxNyJ9.y_kz-l1UCQhq__-HY3QX7HbI0pU-adISW3Z57_9QZ5A", "created_at": "2026-03-30T14:11:12.700Z", "expires_at": "2026-03-31T14:11:12Z"}}, {"model": "token_blacklist.outstandingtoken", "pk": 92, "fields": {"user": 17, "jti": "3d9b31afe1ed41b8bbf59d82a25e4fcc", "token": "eyJhbGciOiJIUzI1NiIsInR5cCI6IkpXVCJ9.eyJ0b2tlbl90eXBlIjoicmVmcmVzaCIsImV4cCI6MTc3NDk2NjYxOCwiaWF0IjoxNzc0ODgwMjE4LCJqdGkiOiIzZDliMzFhZmUxZWQ0MWI4YmJmNTlkODJhMjVlNGZjYyIsInVzZXJfaWQiOiIxNyJ9.hK-CrbiJQfLJY-ozDT4dKk_mQelxEjmd_NzU8jjqGYs", "created_at": "2026-03-30T14:16:58.303Z", "expires_at": "2026-03-31T14:16:58Z"}}, {"model": "token_blacklist.outstandingtoken", "pk": 93, "fields": {"user": 10, "jti": "2ca790b38dbc4d91b45bcc6717592d2d", "token": "eyJhbGciOiJIUzI1NiIsInR5cCI6IkpXVCJ9.eyJ0b2tlbl90eXBlIjoicmVmcmVzaCIsImV4cCI6MTc3NDk4MDQyNSwiaWF0IjoxNzc0ODk0MDI1LCJqdGkiOiIyY2E3OTBiMzhkYmM0ZDkxYjQ1YmNjNjcxNzU5MmQyZCIsInVzZXJfaWQiOiIxMCJ9.W0IdgRNE9x7-D_OmQ63x4VcQxuc8mJHoke2ELnAOeW4", "created_at": "2026-03-30T18:07:05.489Z", "expires_at": "2026-03-31T18:07:05Z"}}, {"model": "token_blacklist.outstandingtoken", "pk": 94, "fields": {"user": 10, "jti": "41c93d4998224660a9465a51abeb6137", "token": "eyJhbGciOiJIUzI1NiIsInR5cCI6IkpXVCJ9.eyJ0b2tlbl90eXBlIjoicmVmcmVzaCIsImV4cCI6MTc3NTQwMTI1NywiaWF0IjoxNzc1MzE0ODU3LCJqdGkiOiI0MWM5M2Q0OTk4MjI0NjYwYTk0NjVhNTFhYmViNjEzNyIsInVzZXJfaWQiOiIxMCJ9.Z2FGmAo2mHtWYSim3-0meUQW1-wIVB7cKUjZrBnAhA4", "created_at": "2026-04-04T15:00:57.951Z", "expires_at": "2026-04-05T15:00:57Z"}}, {"model": "token_blacklist.outstandingtoken", "pk": 95, "fields": {"user": 10, "jti": "5593ab4a9d2a4bae99eb635a9222ad9b", "token": "eyJhbGciOiJIUzI1NiIsInR5cCI6IkpXVCJ9.eyJ0b2tlbl90eXBlIjoicmVmcmVzaCIsImV4cCI6MTc3NTQwMTUzNCwiaWF0IjoxNzc1MzE1MTM0LCJqdGkiOiI1NTkzYWI0YTlkMmE0YmFlOTllYjYzNWE5MjIyYWQ5YiIsInVzZXJfaWQiOiIxMCJ9._lb5aVUHtVcS5hdFdh-7iH0BRVsf-Rwv7NsEXUIkA4o", "created_at": "2026-04-04T15:05:34.042Z", "expires_at": "2026-04-05T15:05:34Z"}}, {"model": "token_blacklist.outstandingtoken", "pk": 96, "fields": {"user": 10, "jti": "93a6e75008c44e40a4e345368c2ae2c7", "token": "eyJhbGciOiJIUzI1NiIsInR5cCI6IkpXVCJ9.eyJ0b2tlbl90eXBlIjoicmVmcmVzaCIsImV4cCI6MTc3NTQwMTU1MywiaWF0IjoxNzc1MzE1MTUzLCJqdGkiOiI5M2E2ZTc1MDA4YzQ0ZTQwYTRlMzQ1MzY4YzJhZTJjNyIsInVzZXJfaWQiOiIxMCJ9.lWT0fuPl54Hqk648AojsnC2pmUSbg6vFQsB9bTG60xo", "created_at": "2026-04-04T15:05:53.085Z", "expires_at": "2026-04-05T15:05:53Z"}}, {"model": "token_blacklist.blacklistedtoken", "pk": 1, "fields": {"token": 80, "blacklisted_at": "2026-03-30T12:08:29.837Z"}}, {"model": "token_blacklist.blacklistedtoken", "pk": 2, "fields": {"token": 81, "blacklisted_at": "2026-03-30T12:11:55.898Z"}}, {"model": "accounts.technicianprofile", "pk": 9, "fields": {"user": 15, "real_name": "жқҺжө·дёҪ", "phone": "15800000000", "id_card_no": "340102199610045028", "gender": "female", "service_types": "", "work_years": 2, "health_cert": "", "avatar": "verification/avatar/3mnKIZ7FPXDUba40d5d4c5adfe57603a4463c964be35.png", "bio": "жҲ‘жҳҜдё“дёҡе®¶ж”ҝжңҚеҠЎдәәе‘ҳпјҢж“…й•ҝе®¶еәӯжё…жҙҒгҖҒж”¶зәіж•ҙзҗҶгҖҒж—ҘеёёдҝқжҙҒпјҢеҒҡдәӢз»ҶиҮҙи®ӨзңҹгҖҒжүӢи„ҡйә»еҲ©пјҢжіЁйҮҚеҚ«з”ҹз»ҶиҠӮпјҢжңүеӨҡе№ҙд»Һдёҡз»ҸйӘҢпјҢеҫ…дәәзңҹиҜҡйқ и°ұпјҢеҸҜжҢүйңҖжҸҗдҫӣиҙҙеҝғжңҚеҠЎгҖӮ", "service_areas": "", "verification_status": "approved", "is_disabled": false, "is_recommended": true, "recommended_at": "2026-03-30T13:13:01.150Z", "created_at": "2026-03-30T12:08:18.855Z", "updated_at": "2026-03-30T13:13:01.151Z"}}, {"model": "accounts.technicianprofile", "pk": 10, "fields": {"user": 16, "real_name": "", "phone": "13800138000", "id_card_no": "", "gender": "", "service_types": "", "work_years": 0, "health_cert": "", "avatar": "", "bio": "", "service_areas": "", "verification_status": "uninitiated", "is_disabled": false, "is_recommended": false, "recommended_at": null, "created_at": "2026-03-30T12:08:41.408Z", "updated_at": "2026-03-30T12:08:41.408Z"}}, {"model": "accounts.technicianprofile", "pk": 11, "fields": {"user": 17, "real_name": "зҺӢеҒҘдјҹ", "phone": "15801608115", "id_card_no": "130821198306227971", "gender": "female", "service_types": "", "work_years": 1, "health_cert": "", "avatar": "verification/avatar/J8r79lil4snt4439087926ae8a6cbfc22a9eeaaaadc9.png", "bio": "д»ҺдәӢе®¶ж”ҝжңҚеҠЎеӨҡе№ҙпјҢж“…й•ҝж—ҘеёёдҝқжҙҒгҖҒж”¶зәігҖҒе®¶еёёзғ№йҘӘпјҢжүӢи„ҡйә»еҲ©з»ҶиҮҙпјҢиҙЈд»»еҝғејәпјҢйҖӮй…Қеҗ„зұ»еұ…е®¶йңҖжұӮпјҢжңҚеҠЎиҙҙеҝғйқ и°ұгҖӮ", "service_areas": "", "verification_status": "approved", "is_disabled": false, "is_recommended": true, "recommended_at": "2026-03-30T12:21:41.392Z", "created_at": "2026-03-30T12:13:54.532Z", "updated_at": "2026-03-30T12:21:41.394Z"}}, {"model": "accounts.technicianlicense", "pk": 11, "fields": {"technician": 11, "license_file": "verification/license/QovIfHU7Kwj-8bc46b2da9e7745865bd56e7e8022037.png", "uploaded_at": "2026-03-30T12:16:32.917Z"}}, {"model": "accounts.technicianlicense", "pk": 12, "fields": {"technician": 9, "license_file": "verification/license/UzEwRpD-joYr8bc46b2da9e7745865bd56e7e8022037.png", "uploaded_at": "2026-03-30T13:12:14.063Z"}}, {"model": "accounts.technicianverification", "pk": 8, "fields": {"technician": 11, "verification_type": "id_card", "id_card_front": "verification/idcard/front/f3Gs3taZX87B4f18bfcb72b3e0988624a5cc12a61e4e.png", "id_card_back": "verification/idcard/back/RIvvF4Dkp7Oh5d3964476c7e1c1479bacd75d78c9ab7.png", "health_cert": "", "submitted_at": "2026-03-30T12:16:32.887Z", "status": "approved", "admin_note": "", "reviewed_at": "2026-03-30T12:21:39.789Z", "reviewed_by": 10}}, {"model": "accounts.technicianverification", "pk": 9, "fields": {"technician": 9, "verification_type": "id_card", "id_card_front": "verification/idcard/front/OoBLl-cYJu_O4f18bfcb72b3e0988624a5cc12a61e4e.png", "id_card_back": "verification/idcard/back/kJz7HtNzUymJ5d3964476c7e1c1479bacd75d78c9ab7.png", "health_cert": "", "submitted_at": "2026-03-30T13:12:14.022Z", "status": "rejected", "admin_note": "", "reviewed_at": "2026-03-30T13:12:35.474Z", "reviewed_by": 10}}, {"model": "accounts.technicianverification", "pk": 10, "fields": {"technician": 9, "verification_type": "id_card", "id_card_front": "verification/idcard/front/shfJQhrCTJwN4f18bfcb72b3e0988624a5cc12a61e4e.png", "id_card_back": "verification/idcard/back/78PbQJi6Myfy5d3964476c7e1c1479bacd75d78c9ab7.png", "health_cert": "", "submitted_at": "2026-03-30T13:12:46.868Z", "status": "approved", "admin_note": "", "reviewed_at": "2026-03-30T13:12:58.863Z", "reviewed_by": 10}}, {"model": "catalog.category", "pk": 1, "fields": {"name": "з« иҙЎжңҲе«Ӯ", "parent": null, "sort_order": 0, "status": "enabled", "created_at": "2026-03-26T09:14:21.239Z", "updated_at": "2026-03-26T09:14:21.239Z"}}, {"model": "catalog.category", "pk": 2, "fields": {"name": "йҮ‘зүҢжңҲе«Ӯ", "parent": 1, "sort_order": 0, "status": "enabled", "created_at": "2026-03-26T09:14:21.241Z", "updated_at": "2026-03-26T09:14:21.241Z"}}, {"model": "catalog.category", "pk": 3, "fields": {"name": "иӮІе„ҝе«Ӯ", "parent": 1, "sort_order": 10, "status": "enabled", "created_at": "2026-03-26T09:14:21.241Z", "updated_at": "2026-03-26T09:14:21.241Z"}}, {"model": "catalog.category", "pk": 4, "fields": {"name": "дә§еҗҺеә·еӨҚ", "parent": 1, "sort_order": 20, "status": "enabled", "created_at": "2026-03-26T09:14:21.242Z", "updated_at": "2026-03-26T09:14:21.242Z"}}, {"model": "catalog.category", "pk": 5, "fields": {"name": "жҜҚд№іжҢҮеҜј", "parent": 1, "sort_order": 30, "status": "enabled", "created_at": "2026-03-26T09:14:21.243Z", "updated_at": "2026-03-26T09:14:21.243Z"}}, {"model": "catalog.category", "pk": 6, "fields": {"name": "ж–°з”ҹе„ҝж—©ж•ҷ", "parent": 1, "sort_order": 40, "status": "enabled", "created_at": "2026-03-26T09:14:21.243Z", "updated_at": "2026-03-26T09:14:21.243Z"}}, {"model": "catalog.category", "pk": 7, "fields": {"name": "е®¶еәӯдҝқжҙҒ", "parent": null, "sort_order": 10, "status": "enabled", "created_at": "2026-03-26T09:14:21.244Z", "updated_at": "2026-03-26T09:14:21.244Z"}}, {"model": "catalog.category", "pk": 8, "fields": {"name": "ж—ҘеёёдҝқжҙҒ", "parent": 7, "sort_order": 0, "status": "enabled", "created_at": "2026-03-26T09:14:21.245Z", "updated_at": "2026-03-26T09:14:21.245Z"}}, {"model": "catalog.category", "pk": 9, "fields": {"name": "ж·ұеәҰдҝқжҙҒ", "parent": 7, "sort_order": 10, "status": "enabled", "created_at": "2026-03-26T09:14:21.246Z", "updated_at": "2026-03-26T09:14:21.246Z"}}, {"model": "catalog.category", "pk": 10, "fields": {"name": "ејҖиҚ’дҝқжҙҒ", "parent": 7, "sort_order": 20, "status": "enabled", "created_at": "2026-03-26T09:14:21.247Z", "updated_at": "2026-03-26T09:14:21.247Z"}}, {"model": "catalog.category", "pk": 11, "fields": {"name": "ж“ҰзӘ—", "parent": 7, "sort_order": 30, "status": "enabled", "created_at": "2026-03-26T09:14:21.248Z", "updated_at": "2026-03-26T09:14:21.248Z"}}, {"model": "catalog.category", "pk": 12, "fields": {"name": "жІ№зғҹжңәжё…жҙ—", "parent": 7, "sort_order": 40, "status": "enabled", "created_at": "2026-03-26T09:14:21.248Z", "updated_at": "2026-03-26T09:14:21.248Z"}}, {"model": "catalog.category", "pk": 13, "fields": {"name": "з©әи°ғжё…жҙ—", "parent": 7, "sort_order": 50, "status": "enabled", "created_at": "2026-03-26T09:14:21.249Z", "updated_at": "2026-03-26T09:14:21.249Z"}}, {"model": "catalog.category", "pk": 14, "fields": {"name": "еҶ°з®ұжё…жҙ—", "parent": 7, "sort_order": 60, "status": "enabled", "created_at": "2026-03-26T09:14:21.250Z", "updated_at": "2026-03-26T09:14:21.250Z"}}, {"model": "catalog.category", "pk": 15, "fields": {"name": "ең°жҜҜ/жІҷеҸ‘/зӘ—еёҳжё…жҙ—", "parent": 7, "sort_order": 70, "status": "enabled", "created_at": "2026-03-26T09:14:21.250Z", "updated_at": "2026-03-26T09:14:21.250Z"}}, {"model": "catalog.category", "pk": 16, "fields": {"name": "е®¶еәӯдҝқе§Ҷ", "parent": null, "sort_order": 20, "status": "enabled", "created_at": "2026-03-26T09:14:21.251Z", "updated_at": "2026-03-26T09:14:21.251Z"}}, {"model": "catalog.category", "pk": 17, "fields": {"name": "дҪҸе®¶дҝқе§Ҷ", "parent": 16, "sort_order": 0, "status": "enabled", "created_at": "2026-03-26T09:14:21.252Z", "updated_at": "2026-03-26T09:14:21.252Z"}}, {"model": "catalog.category", "pk": 18, "fields": {"name": "й’ҹзӮ№е·Ҙ", "parent": 16, "sort_order": 10, "status": "enabled", "created_at": "2026-03-26T09:14:21.252Z", "updated_at": "2026-03-26T09:14:21.252Z"}}, {"model": "catalog.category", "pk": 19, "fields": {"name": "е®¶еәӯеҺЁеёҲ", "parent": 16, "sort_order": 20, "status": "enabled", "created_at": "2026-03-26T09:14:21.253Z", "updated_at": "2026-03-26T09:14:21.253Z"}}, {"model": "catalog.category", "pk": 20, "fields": {"name": "е®¶еҠЎеҠ©зҗҶ", "parent": 16, "sort_order": 30, "status": "enabled", "created_at": "2026-03-26T09:14:21.254Z", "updated_at": "2026-03-26T09:14:21.254Z"}}, {"model": "catalog.category", "pk": 21, "fields": {"name": "е®¶еәӯеҸёжңә", "parent": 16, "sort_order": 40, "status": "enabled", "created_at": "2026-03-26T09:14:21.255Z", "updated_at": "2026-03-26T09:14:21.255Z"}}, {"model": "catalog.category", "pk": 22, "fields": {"name": "е…»иҖҒжҠӨзҗҶ", "parent": null, "sort_order": 30, "status": "enabled", "created_at": "2026-03-26T09:14:21.255Z", "updated_at": "2026-03-26T09:14:21.255Z"}}, {"model": "catalog.category", "pk": 23, "fields": {"name": "иҮӘзҗҶиҖҒдәәйҷӘжҠӨ", "parent": 22, "sort_order": 0, "status": "enabled", "created_at": "2026-03-26T09:14:21.256Z", "updated_at": "2026-03-26T09:14:21.256Z"}}, {"model": "catalog.category", "pk": 24, "fields": {"name": "еҚҠеӨұиғҪиҖҒдәәжҠӨзҗҶ", "parent": 22, "sort_order": 10, "status": "enabled", "created_at": "2026-03-26T09:14:21.257Z", "updated_at": "2026-03-26T09:14:21.257Z"}}, {"model": "catalog.category", "pk": 25, "fields": {"name": "еӨұиғҪиҖҒдәәжҠӨзҗҶ", "parent": 22, "sort_order": 20, "status": "enabled", "created_at": "2026-03-26T09:14:21.257Z", "updated_at": "2026-03-26T09:14:21.257Z"}}, {"model": "catalog.category", "pk": 26, "fields": {"name": "еҢ»йҷўйҷӘжҠӨ", "parent": 22, "sort_order": 30, "status": "enabled", "created_at": "2026-03-26T09:14:21.258Z", "updated_at": "2026-03-26T09:14:21.258Z"}}, {"model": "catalog.category", "pk": 27, "fields": {"name": "еҠ©жөҙ", "parent": 22, "sort_order": 40, "status": "enabled", "created_at": "2026-03-26T09:14:21.259Z", "updated_at": "2026-03-26T09:14:21.259Z"}}, {"model": "catalog.category", "pk": 28, "fields": {"name": "еұ…е®¶йҖӮиҖҒеҢ–ж”№йҖ е’ЁиҜў", "parent": 22, "sort_order": 50, "status": "enabled", "created_at": "2026-03-26T09:14:21.259Z", "updated_at": "2026-03-26T09:14:21.259Z"}}, {"model": "catalog.category", "pk": 29, "fields": {"name": "ж”¶зәіж•ҙзҗҶ", "parent": null, "sort_order": 40, "status": "enabled", "created_at": "2026-03-26T09:14:21.260Z", "updated_at": "2026-03-26T09:14:21.260Z"}}, {"model": "catalog.category", "pk": 30, "fields": {"name": "е…ЁеұӢж•ҙзҗҶ", "parent": 29, "sort_order": 0, "status": "enabled", "created_at": "2026-03-26T09:14:21.261Z", "updated_at": "2026-03-26T09:14:21.261Z"}}, {"model": "catalog.category", "pk": 31, "fields": {"name": "иЎЈж©ұж•ҙзҗҶ", "parent": 29, "sort_order": 10, "status": "enabled", "created_at": "2026-03-26T09:14:21.261Z", "updated_at": "2026-03-26T09:14:21.261Z"}}, {"model": "catalog.category", "pk": 32, "fields": {"name": "жҗ¬е®¶жү“еҢ…/иҝҳеҺҹ", "parent": 29, "sort_order": 20, "status": "enabled", "created_at": "2026-03-26T09:14:21.262Z", "updated_at": "2026-03-26T09:14:21.262Z"}}, {"model": "catalog.category", "pk": 33, "fields": {"name": "еҠһе…¬ж•ҙзҗҶ", "parent": 29, "sort_order": 30, "status": "enabled", "created_at": "2026-03-26T09:14:21.263Z", "updated_at": "2026-03-26T09:14:21.263Z"}}, {"model": "catalog.category", "pk": 34, "fields": {"name": "дәІеӯҗж•ҙзҗҶжҢҮеҜј", "parent": 29, "sort_order": 40, "status": "enabled", "created_at": "2026-03-26T09:14:21.263Z", "updated_at": "2026-03-26T09:14:21.263Z"}}, {"model": "catalog.category", "pk": 35, "fields": {"name": "е®¶еұ…е…»жҠӨ", "parent": null, "sort_order": 50, "status": "enabled", "created_at": "2026-03-26T09:14:21.264Z", "updated_at": "2026-03-26T09:14:21.264Z"}}, {"model": "catalog.category", "pk": 36, "fields": {"name": "ең°жқҝжү“иңЎ", "parent": 35, "sort_order": 0, "status": "enabled", "created_at": "2026-03-26T09:14:21.265Z", "updated_at": "2026-03-26T09:14:21.265Z"}}, {"model": "catalog.category", "pk": 37, "fields": {"name": "зҡ®е…·жҠӨзҗҶ", "parent": 35, "sort_order": 10, "status": "enabled", "created_at": "2026-03-26T09:14:21.265Z", "updated_at": "2026-03-26T09:14:21.265Z"}}, {"model": "catalog.category", "pk": 38, "fields": {"name": "зҹіжқҗе…»жҠӨ", "parent": 35, "sort_order": 20, "status": "enabled", "created_at": "2026-03-26T09:14:21.266Z", "updated_at": "2026-03-26T09:14:21.266Z"}}, {"model": "catalog.category", "pk": 39, "fields": {"name": "йҷӨиһЁ", "parent": 35, "sort_order": 30, "status": "enabled", "created_at": "2026-03-26T09:14:21.267Z", "updated_at": "2026-03-26T09:14:21.267Z"}}, {"model": "catalog.category", "pk": 40, "fields": {"name": "з”ІйҶӣжЈҖжөӢдёҺжІ»зҗҶ", "parent": 35, "sort_order": 40, "status": "enabled", "created_at": "2026-03-26T09:14:21.268Z", "updated_at": "2026-03-26T09:14:21.268Z"}}, {"model": "catalog.category", "pk": 41, "fields": {"name": "з»ҝжӨҚе…»жҠӨ", "parent": 35, "sort_order": 50, "status": "enabled", "created_at": "2026-03-26T09:14:21.268Z", "updated_at": "2026-03-26T09:14:21.268Z"}}, {"model": "catalog.category", "pk": 42, "fields": {"name": "е®¶з”өз»ҙдҝ®", "parent": null, "sort_order": 60, "status": "enabled", "created_at": "2026-03-26T09:14:21.269Z", "updated_at": "2026-03-26T09:14:21.269Z"}}, {"model": "catalog.category", "pk": 43, "fields": {"name": "е®¶з”өз»ҙдҝ®пјҲз”өи§Ҷ/еҶ°з®ұ/жҙ—иЎЈжңәпјү", "parent": 42, "sort_order": 0, "status": "enabled", "created_at": "2026-03-26T09:14:21.270Z", "updated_at": "2026-03-26T09:14:21.270Z"}}, {"model": "catalog.category", "pk": 44, "fields": {"name": "ж°ҙз”өз»ҙдҝ®", "parent": 42, "sort_order": 10, "status": "enabled", "created_at": "2026-03-26T09:14:21.271Z", "updated_at": "2026-03-26T09:14:21.271Z"}}, {"model": "catalog.category", "pk": 45, "fields": {"name": "з®ЎйҒ“з–ҸйҖҡ", "parent": 42, "sort_order": 20, "status": "enabled", "created_at": "2026-03-26T09:14:21.272Z", "updated_at": "2026-03-26T09:14:21.272Z"}}, {"model": "catalog.category", "pk": 46, "fields": {"name": "ејҖй”ҒжҚўй”Ғ", "parent": 42, "sort_order": 30, "status": "enabled", "created_at": "2026-03-26T09:14:21.272Z", "updated_at": "2026-03-26T09:14:21.272Z"}}, {"model": "catalog.category", "pk": 47, "fields": {"name": "зҒҜе…·е®үиЈ…", "parent": 42, "sort_order": 40, "status": "enabled", "created_at": "2026-03-26T09:14:21.273Z", "updated_at": "2026-03-26T09:14:21.273Z"}}, {"model": "catalog.category", "pk": 48, "fields": {"name": "ж”ҫеҝғжҗ¬е®¶", "parent": null, "sort_order": 70, "status": "enabled", "created_at": "2026-03-26T09:14:21.274Z", "updated_at": "2026-03-26T09:14:21.274Z"}}, {"model": "catalog.category", "pk": 49, "fields": {"name": "и®Ўж—¶жҗ¬е®¶", "parent": 48, "sort_order": 0, "status": "enabled", "created_at": "2026-03-26T09:14:21.275Z", "updated_at": "2026-03-26T09:14:21.275Z"}}, {"model": "catalog.category", "pk": 50, "fields": {"name": "жҗ¬е®¶жү“еҢ…", "parent": 48, "sort_order": 10, "status": "enabled", "created_at": "2026-03-26T09:14:21.276Z", "updated_at": "2026-03-26T09:14:21.276Z"}}, {"model": "catalog.category", "pk": 51, "fields": {"name": "е®¶е…·жӢҶиЈ…", "parent": 48, "sort_order": 20, "status": "enabled", "created_at": "2026-03-26T09:14:21.276Z", "updated_at": "2026-03-26T09:14:21.276Z"}}, {"model": "catalog.category", "pk": 52, "fields": {"name": "дёҖз«ҷејҸжҗ¬е®¶", "parent": 48, "sort_order": 30, "status": "enabled", "created_at": "2026-03-26T09:14:21.277Z", "updated_at": "2026-03-26T09:14:21.277Z"}}, {"model": "catalog.category", "pk": 53, "fields": {"name": "жңәжһ„жңҚеҠЎ", "parent": null, "sort_order": 80, "status": "enabled", "created_at": "2026-03-26T09:14:21.277Z", "updated_at": "2026-03-26T14:55:44.312Z"}}, {"model": "catalog.category", "pk": 54, "fields": {"name": "дјҒдёҡдҝқжҙҒ", "parent": 53, "sort_order": 0, "status": "enabled", "created_at": "2026-03-26T09:14:21.278Z", "updated_at": "2026-03-26T09:14:21.278Z"}}, {"model": "catalog.category", "pk": 55, "fields": {"name": "зү©дёҡжүҳз®Ў", "parent": 53, "sort_order": 10, "status": "enabled", "created_at": "2026-03-26T09:14:21.279Z", "updated_at": "2026-03-26T09:14:21.279Z"}}, {"model": "catalog.category", "pk": 56, "fields": {"name": "йЈҹе ӮеӨ–еҢ…", "parent": 53, "sort_order": 20, "status": "enabled", "created_at": "2026-03-26T09:14:21.279Z", "updated_at": "2026-03-26T09:14:21.279Z"}}, {"model": "catalog.category", "pk": 57, "fields": {"name": "еұ•дјҡжё…жҙҒ", "parent": 53, "sort_order": 30, "status": "enabled", "created_at": "2026-03-26T09:14:21.280Z", "updated_at": "2026-03-26T09:14:21.280Z"}}, {"model": "catalog.category", "pk": 58, "fields": {"name": "е…¬еҸёж¶ҲжқҖ", "parent": 53, "sort_order": 40, "status": "enabled", "created_at": "2026-03-26T09:14:21.281Z", "updated_at": "2026-03-26T09:14:21.281Z"}}, {"model": "catalog.banner", "pk": 1, "fields": {"image": "banners/222_gzsM0e8.png", "image_url": "", "link_type": "none", "link_value": "", "title": "", "sort_order": 0, "status": "enabled", "created_at": "2026-03-26T09:39:44.914Z", "updated_at": "2026-03-26T09:39:44.914Z"}}, {"model": "catalog.hotservice", "pk": 1, "fields": {"name": "з« иҙЎжңҲе«Ӯ", "icon": "hot_services/icons/x9.png", "link_type": "category", "link_value": "1", "sort_order": 10, "status": "enabled", "created_at": "2026-03-26T16:14:04.727Z", "updated_at": "2026-03-30T05:19:12.016Z"}}, {"model": "catalog.hotservice", "pk": 2, "fields": {"name": "е®¶еәӯдҝқжҙҒ", "icon": "hot_services/icons/x7.png", "link_type": "category", "link_value": "7", "sort_order": 8, "status": "enabled", "created_at": "2026-03-30T04:54:21.335Z", "updated_at": "2026-03-30T05:32:38.161Z"}}, {"model": "catalog.hotservice", "pk": 3, "fields": {"name": "е®¶еәӯдҝқе§Ҷ", "icon": "hot_services/icons/x2.png", "link_type": "category", "link_value": "16", "sort_order": 9, "status": "enabled", "created_at": "2026-03-30T04:54:53.678Z", "updated_at": "2026-03-30T05:32:26.996Z"}}, {"model": "catalog.hotservice", "pk": 4, "fields": {"name": "е…»иҖҒжҠӨзҗҶ", "icon": "hot_services/icons/x6.png", "link_type": "category", "link_value": "22", "sort_order": 5, "status": "enabled", "created_at": "2026-03-30T04:55:20.565Z", "updated_at": "2026-03-30T05:36:53.968Z"}}, {"model": "catalog.hotservice", "pk": 5, "fields": {"name": "ж”¶зәіж•ҙзҗҶ", "icon": "hot_services/icons/x3.png", "link_type": "category", "link_value": "29", "sort_order": 7, "status": "enabled", "created_at": "2026-03-30T04:55:51.979Z", "updated_at": "2026-03-30T05:32:49.090Z"}}, {"model": "catalog.hotservice", "pk": 6, "fields": {"name": "е®¶е…·е…»жҠӨ", "icon": "hot_services/icons/x5_c5tB7f2.png", "link_type": "category", "link_value": "35", "sort_order": 4, "status": "enabled", "created_at": "2026-03-30T04:56:17.641Z", "updated_at": "2026-03-30T05:37:10.904Z"}}, {"model": "catalog.hotservice", "pk": 7, "fields": {"name": "е®¶з”өз»ҙдҝ®", "icon": "hot_services/icons/x8_ltIrxRW.png", "link_type": "category", "link_value": "42", "sort_order": 6, "status": "enabled", "created_at": "2026-03-30T04:56:39.886Z", "updated_at": "2026-03-30T05:36:34.332Z"}}, {"model": "catalog.hotservice", "pk": 8, "fields": {"name": "ж”ҫеҝғжҗ¬е®¶", "icon": "hot_services/icons/x4.png", "link_type": "category", "link_value": "48", "sort_order": 3, "status": "enabled", "created_at": "2026-03-30T04:57:09.948Z", "updated_at": "2026-03-30T05:33:34.448Z"}}, {"model": "listings.listing", "pk": 37, "fields": {"technician": 11, "category": 2, "title": "йҮ‘зүҢжңҲе«Ӯз…§йЎҫе°Ҹеӯ©е’ҢиҖҒдәә", "description": "иҙҹиҙЈз…§ж–ҷиҖҒдәәдёҺеӯ©еӯҗзҡ„ж—Ҙеёёиө·еұ…гҖҒйҘ®йЈҹз…§ж–ҷпјҢеҚҸеҠ©жҙ—жјұгҖҒж•ҙзҗҶпјҢеҒҡеҘҪеҹәзЎҖйҷӘдјҙзңӢжҠӨпјҢдҝқйҡңиҖҒдәәеӯ©еӯҗе®үе…ЁдёҺиҲ’йҖӮгҖӮ", "cover_url": "http://localhost:8000/media/listings/covers/3620bc3c-d71e-4bcd-96c6-75df51564842.png", "cover_urls": ["http://localhost:8000/media/listings/covers/3620bc3c-d71e-4bcd-96c6-75df51564842.png"], "listing_price": "3000.00", "listing_price_unit": "е…ғиө·", "service_areas": "з« иҙЎеҢә,еҚ—еә·еҢә", "contact_info": "15801608115", "is_deleted": false, "status": "published", "audit_note": "", "audited_by": 10, "reviewed_at": "2026-03-30T12:49:58.340Z", "published_at": "2026-03-30T12:49:58.340Z", "created_at": "2026-03-30T12:49:34.374Z", "updated_at": "2026-03-30T12:49:58.340Z", "services": []}}, {"model": "listings.listing", "pk": 38, "fields": {"technician": 11, "category": 8, "title": "е…ЁйқўиҙҹиҙЈе®¶еәӯзҡ„дҝқжҙҒе·ҘдҪң", "description": "жүҝжӢ…е®¶еәӯдҝқжҙҒе·ҘдҪңпјҢиҙҹиҙЈе®¶дёӯеҗ„еҢәеҹҹжё…жҙҒж•ҙзҗҶпјҢдҝқжҢҒе®¶еұ…зҺҜеўғе№ІеҮҖж•ҙжҙҒпјҢдёәиҖҒдәәе’Ңеӯ©еӯҗиҗҘйҖ иҲ’йҖӮе®үе…Ёзҡ„еұ…дҪҸж°ӣеӣҙгҖӮ", "cover_url": "http://localhost:8000/media/listings/covers/cdfeeab4-e1ee-45c0-8464-b1d7960e93ca.png", "cover_urls": ["http://localhost:8000/media/listings/covers/cdfeeab4-e1ee-45c0-8464-b1d7960e93ca.png"], "listing_price": "200.00", "listing_price_unit": "е…ғиө·", "service_areas": "е…ҙеӣҪеҺҝ,дәҺйғҪеҺҝ", "contact_info": "15801608115", "is_deleted": false, "status": "published", "audit_note": "", "audited_by": 10, "reviewed_at": "2026-03-30T13:06:11.223Z", "published_at": "2026-03-30T13:06:11.223Z", "created_at": "2026-03-30T13:05:39.095Z", "updated_at": "2026-03-30T13:06:11.223Z", "services": []}}, {"model": "listings.listing", "pk": 39, "fields": {"technician": 9, "category": 26, "title": "дё“дёҡе…»иҖҒжҠӨзҗҶгғ»еҢ»йҷўйҷӘжҠӨжңҚеҠЎ", "description": "дё“дёҡжҸҗдҫӣе…»иҖҒжҠӨзҗҶдёҺеҢ»йҷўйҷӘжҠӨжңҚеҠЎпјҢе…»иҖҒжҠӨзҗҶеҗ«ж—Ҙеёёз…§ж–ҷгҖҒйҘ®йЈҹиө·еұ…гҖҒеҹәзЎҖжҠӨзҗҶеҸҠзІҫзҘһйҷӘдјҙпјӣеҢ»йҷўйҷӘжҠӨиҙҹиҙЈжңҜеҗҺз…§ж–ҷгҖҒиҫ“ж¶ІзңӢжҠӨгҖҒйҘ®йЈҹеҚҸеҠ©гҖҒиө·еұ…жү“зҗҶпјҢе…ЁзЁӢз»Ҷеҝғе‘ЁеҲ°пјҢжҢүйңҖе®ҡеҲ¶жңҚеҠЎпјҢз”Ёеҝғе®ҲжҠӨиә«еҝғеҒҘеә·гҖӮ", "cover_url": "http://localhost:8000/media/listings/covers/3ef5a167-b014-47de-a6ce-a72a8a4af02c.png", "cover_urls": ["http://localhost:8000/media/listings/covers/3ef5a167-b014-47de-a6ce-a72a8a4af02c.png"], "listing_price": "240.00", "listing_price_unit": "е…ғиө·", "service_areas": "з« иҙЎеҢә,еҚ—еә·еҢә,иөЈеҺҝеҢә", "contact_info": "15800000000", "is_deleted": false, "status": "published", "audit_note": "", "audited_by": 10, "reviewed_at": "2026-03-30T13:17:27.523Z", "published_at": "2026-03-30T13:17:27.523Z", "created_at": "2026-03-30T13:16:40.587Z", "updated_at": "2026-03-30T13:17:27.523Z", "services": []}}, {"model": "listings.listing", "pk": 40, "fields": {"technician": 9, "category": 4, "title": "дё“дёҡдә§еҗҺеә·еӨҚ з§‘еӯҰе‘өжҠӨе®қеҰҲеҒҘеә·", "description": "е®ҡеҲ¶дә§еҗҺеә·еӨҚж–№жЎҲпјҢж¶өзӣ–зӣҶеә•иӮҢдҝ®еӨҚгҖҒи…№зӣҙиӮҢи°ғзҗҶгҖҒеҪўдҪ“жҒўеӨҚзӯүж ёеҝғжңҚеҠЎпјҢдё“дёҡжүӢжі• + з§‘еӯҰд»ӘеҷЁз»“еҗҲпјҢеҠ©еҠӣе®қеҰҲеҝ«йҖҹжҒўеӨҚиә«дҪ“жңәиғҪпјҢйҮҚжӢҫеҒҘеә·зҠ¶жҖҒгҖӮ", "cover_url": "http://localhost:8000/media/listings/covers/fd3fa140-ba3e-4e11-9cf2-efee56968c81.png", "cover_urls": ["http://localhost:8000/media/listings/covers/fd3fa140-ba3e-4e11-9cf2-efee56968c81.png", "http://localhost:8000/media/listings/covers/53e4c1be-cb8e-4e67-98ac-1bc6a4f23c81.png"], "listing_price": "5000.00", "listing_price_unit": "е…ғиө·", "service_areas": "е…ҙеӣҪеҺҝ", "contact_info": "15800000000", "is_deleted": false, "status": "published", "audit_note": "", "audited_by": 10, "reviewed_at": "2026-03-30T13:26:04.796Z", "published_at": "2026-03-30T13:26:04.796Z", "created_at": "2026-03-30T13:25:49.590Z", "updated_at": "2026-03-30T13:26:04.796Z", "services": []}}, {"model": "listings.listingaudit", "pk": 17, "fields": {"listing": 37, "status": "pending", "audit_note": "", "reviewed_at": null, "reviewed_by": null, "created_at": "2026-03-30T12:49:34.375Z"}}, {"model": "listings.listingaudit", "pk": 18, "fields": {"listing": 37, "status": "published", "audit_note": "", "reviewed_at": "2026-03-30T12:49:58.340Z", "reviewed_by": 10, "created_at": "2026-03-30T12:49:58.342Z"}}, {"model": "listings.listingaudit", "pk": 19, "fields": {"listing": 38, "status": "pending", "audit_note": "", "reviewed_at": null, "reviewed_by": null, "created_at": "2026-03-30T13:05:39.097Z"}}, {"model": "listings.listingaudit", "pk": 20, "fields": {"listing": 38, "status": "published", "audit_note": "", "reviewed_at": "2026-03-30T13:06:11.223Z", "reviewed_by": 10, "created_at": "2026-03-30T13:06:11.227Z"}}, {"model": "listings.listingaudit", "pk": 21, "fields": {"listing": 39, "status": "pending", "audit_note": "", "reviewed_at": null, "reviewed_by": null, "created_at": "2026-03-30T13:16:40.589Z"}}, {"model": "listings.listingaudit", "pk": 22, "fields": {"listing": 39, "status": "rejected", "audit_note": "", "reviewed_at": "2026-03-30T13:16:55.606Z", "reviewed_by": 10, "created_at": "2026-03-30T13:16:55.607Z"}}, {"model": "listings.listingaudit", "pk": 23, "fields": {"listing": 39, "status": "pending", "audit_note": "", "reviewed_at": null, "reviewed_by": null, "created_at": "2026-03-30T13:17:16.127Z"}}, {"model": "listings.listingaudit", "pk": 24, "fields": {"listing": 39, "status": "published", "audit_note": "", "reviewed_at": "2026-03-30T13:17:27.523Z", "reviewed_by": 10, "created_at": "2026-03-30T13:17:27.526Z"}}, {"model": "listings.listingaudit", "pk": 25, "fields": {"listing": 40, "status": "pending", "audit_note": "", "reviewed_at": null, "reviewed_by": null, "created_at": "2026-03-30T13:25:49.592Z"}}, {"model": "listings.listingaudit", "pk": 26, "fields": {"listing": 40, "status": "published", "audit_note": "", "reviewed_at": "2026-03-30T13:26:04.796Z", "reviewed_by": 10, "created_at": "2026-03-30T13:26:04.799Z"}}]
